,genre_id,name,ruby,list_url
0,6179,4時間以上作品,4じかんいじょうさくひん,https://al.dmm.co.jp/?lurl=https%3A%2F%2Fwww.dmm.co.jp%2Fmonthly%2Fpremium%2F-%2Flist%2F%3D%2Farticle%3Dkeyword%2Fid%3D6179%2F&af_id=souhub-990&ch=api
1,4118,アイドル・芸能人,あいどるげいのうじん,https://al.dmm.co.jp/?lurl=https%3A%2F%2Fwww.dmm.co.jp%2Fmonthly%2Fpremium%2F-%2Flist%2F%3D%2Farticle%3Dkeyword%2Fid%3D4118%2F&af_id=souhub-990&ch=api
2,514,アクション・格闘,あくしょんかくとう,https://al.dmm.co.jp/?lurl=https%3A%2F%2Fwww.dmm.co.jp%2Fmonthly%2Fpremium%2F-%2Flist%2F%3D%2Farticle%3Dkeyword%2Fid%3D514%2F&af_id=souhub-990&ch=api
3,6968,アクメ・オーガズム,あくめおーがずむ,https://al.dmm.co.jp/?lurl=https%3A%2F%2Fwww.dmm.co.jp%2Fmonthly%2Fpremium%2F-%2Flist%2F%3D%2Farticle%3Dkeyword%2Fid%3D6968%2F&af_id=souhub-990&ch=api
4,5048,足コキ,あしこき,https://al.dmm.co.jp/?lurl=https%3A%2F%2Fwww.dmm.co.jp%2Fmonthly%2Fpremium%2F-%2Flist%2F%3D%2Farticle%3Dkeyword%2Fid%3D5048%2F&af_id=souhub-990&ch=api
5,4008,脚フェチ,あしふぇち,https://al.dmm.co.jp/?lurl=https%3A%2F%2Fwww.dmm.co.jp%2Fmonthly%2Fpremium%2F-%2Flist%2F%3D%2Farticle%3Dkeyword%2Fid%3D4008%2F&af_id=souhub-990&ch=api
6,2011,アジア女優,あじあじょゆう,https://al.dmm.co.jp/?lurl=https%3A%2F%2Fwww.dmm.co.jp%2Fmonthly%2Fpremium%2F-%2Flist%2F%3D%2Farticle%3Dkeyword%2Fid%3D2011%2F&af_id=souhub-990&ch=api
7,6965,アスリート,あすりーと,https://al.dmm.co.jp/?lurl=https%3A%2F%2Fwww.dmm.co.jp%2Fmonthly%2Fpremium%2F-%2Flist%2F%3D%2Farticle%3Dkeyword%2Fid%3D6965%2F&af_id=souhub-990&ch=api
8,5075,汗だく,あせだく,https://al.dmm.co.jp/?lurl=https%3A%2F%2Fwww.dmm.co.jp%2Fmonthly%2Fpremium%2F-%2Flist%2F%3D%2Farticle%3Dkeyword%2Fid%3D5075%2F&af_id=souhub-990&ch=api
9,5005,アナル,あなる,https://al.dmm.co.jp/?lurl=https%3A%2F%2Fwww.dmm.co.jp%2Fmonthly%2Fpremium%2F-%2Flist%2F%3D%2Farticle%3Dkeyword%2Fid%3D5005%2F&af_id=souhub-990&ch=api
10,5076,アナルセックス,あなるせっくす,https://al.dmm.co.jp/?lurl=https%3A%2F%2Fwww.dmm.co.jp%2Fmonthly%2Fpremium%2F-%2Flist%2F%3D%2Farticle%3Dkeyword%2Fid%3D5076%2F&af_id=souhub-990&ch=api
11,4073,アニメ,あにめ,https://al.dmm.co.jp/?lurl=https%3A%2F%2Fwww.dmm.co.jp%2Fmonthly%2Fpremium%2F-%2Flist%2F%3D%2Farticle%3Dkeyword%2Fid%3D4073%2F&af_id=souhub-990&ch=api
12,525,アニメキャラクター,あにめきゃらくたー,https://al.dmm.co.jp/?lurl=https%3A%2F%2Fwww.dmm.co.jp%2Fmonthly%2Fpremium%2F-%2Flist%2F%3D%2Farticle%3Dkeyword%2Fid%3D525%2F&af_id=souhub-990&ch=api
13,4057,姉・妹,あねいもうと,https://al.dmm.co.jp/?lurl=https%3A%2F%2Fwww.dmm.co.jp%2Fmonthly%2Fpremium%2F-%2Flist%2F%3D%2Farticle%3Dkeyword%2Fid%3D4057%2F&af_id=souhub-990&ch=api
14,4122,イタズラ,いたずら,https://al.dmm.co.jp/?lurl=https%3A%2F%2Fwww.dmm.co.jp%2Fmonthly%2Fpremium%2F-%2Flist%2F%3D%2Farticle%3Dkeyword%2Fid%3D4122%2F&af_id=souhub-990&ch=api
15,72,異物挿入,いぶつそうにゅう,https://al.dmm.co.jp/?lurl=https%3A%2F%2Fwww.dmm.co.jp%2Fmonthly%2Fpremium%2F-%2Flist%2F%3D%2Farticle%3Dkeyword%2Fid%3D72%2F&af_id=souhub-990&ch=api
16,6014,イメージビデオ,いめーじびでお,https://al.dmm.co.jp/?lurl=https%3A%2F%2Fwww.dmm.co.jp%2Fmonthly%2Fpremium%2F-%2Flist%2F%3D%2Farticle%3Dkeyword%2Fid%3D6014%2F&af_id=souhub-990&ch=api
17,6170,イメージビデオ（男性）,いめーじびでおだんせい,https://al.dmm.co.jp/?lurl=https%3A%2F%2Fwww.dmm.co.jp%2Fmonthly%2Fpremium%2F-%2Flist%2F%3D%2Farticle%3Dkeyword%2Fid%3D6170%2F&af_id=souhub-990&ch=api
18,5068,イラマチオ,いらまちお,https://al.dmm.co.jp/?lurl=https%3A%2F%2Fwww.dmm.co.jp%2Fmonthly%2Fpremium%2F-%2Flist%2F%3D%2Farticle%3Dkeyword%2Fid%3D5068%2F&af_id=souhub-990&ch=api
19,8514,色黒,いろぐろ,https://al.dmm.co.jp/?lurl=https%3A%2F%2Fwww.dmm.co.jp%2Fmonthly%2Fpremium%2F-%2Flist%2F%3D%2Farticle%3Dkeyword%2Fid%3D8514%2F&af_id=souhub-990&ch=api
20,8513,色白,いろじろ,https://al.dmm.co.jp/?lurl=https%3A%2F%2Fwww.dmm.co.jp%2Fmonthly%2Fpremium%2F-%2Flist%2F%3D%2Farticle%3Dkeyword%2Fid%3D8513%2F&af_id=souhub-990&ch=api
21,5025,淫語,いんご,https://al.dmm.co.jp/?lurl=https%3A%2F%2Fwww.dmm.co.jp%2Fmonthly%2Fpremium%2F-%2Flist%2F%3D%2Farticle%3Dkeyword%2Fid%3D5025%2F&af_id=souhub-990&ch=api
22,1004,インストラクター,いんすとらくたー,https://al.dmm.co.jp/?lurl=https%3A%2F%2Fwww.dmm.co.jp%2Fmonthly%2Fpremium%2F-%2Flist%2F%3D%2Farticle%3Dkeyword%2Fid%3D1004%2F&af_id=souhub-990&ch=api
23,6063,インディーズ,いんでぃーず,https://al.dmm.co.jp/?lurl=https%3A%2F%2Fwww.dmm.co.jp%2Fmonthly%2Fpremium%2F-%2Flist%2F%3D%2Farticle%3Dkeyword%2Fid%3D6063%2F&af_id=souhub-990&ch=api
24,5012,飲尿,いんにょう,https://al.dmm.co.jp/?lurl=https%3A%2F%2Fwww.dmm.co.jp%2Fmonthly%2Fpremium%2F-%2Flist%2F%3D%2Farticle%3Dkeyword%2Fid%3D5012%2F&af_id=souhub-990&ch=api
25,4030,淫乱・ハード系,いんらんはーどけい,https://al.dmm.co.jp/?lurl=https%3A%2F%2Fwww.dmm.co.jp%2Fmonthly%2Fpremium%2F-%2Flist%2F%3D%2Farticle%3Dkeyword%2Fid%3D4030%2F&af_id=souhub-990&ch=api
26,1040,ウェイトレス,うぇいとれす,https://al.dmm.co.jp/?lurl=https%3A%2F%2Fwww.dmm.co.jp%2Fmonthly%2Fpremium%2F-%2Flist%2F%3D%2Farticle%3Dkeyword%2Fid%3D1040%2F&af_id=souhub-990&ch=api
27,6942,受付嬢,うけつけじょう,https://al.dmm.co.jp/?lurl=https%3A%2F%2Fwww.dmm.co.jp%2Fmonthly%2Fpremium%2F-%2Flist%2F%3D%2Farticle%3Dkeyword%2Fid%3D6942%2F&af_id=souhub-990&ch=api
28,4075,SF,えすえふ,https://al.dmm.co.jp/?lurl=https%3A%2F%2Fwww.dmm.co.jp%2Fmonthly%2Fpremium%2F-%2Flist%2F%3D%2Farticle%3Dkeyword%2Fid%3D4075%2F&af_id=souhub-990&ch=api
29,4001,SM,えすえむ,https://al.dmm.co.jp/?lurl=https%3A%2F%2Fwww.dmm.co.jp%2Fmonthly%2Fpremium%2F-%2Flist%2F%3D%2Farticle%3Dkeyword%2Fid%3D4001%2F&af_id=souhub-990&ch=api
30,4119,エステ,えすて,https://al.dmm.co.jp/?lurl=https%3A%2F%2Fwww.dmm.co.jp%2Fmonthly%2Fpremium%2F-%2Flist%2F%3D%2Farticle%3Dkeyword%2Fid%3D4119%2F&af_id=souhub-990&ch=api
31,6996,エマニエル,えまにえる,https://al.dmm.co.jp/?lurl=https%3A%2F%2Fwww.dmm.co.jp%2Fmonthly%2Fpremium%2F-%2Flist%2F%3D%2Farticle%3Dkeyword%2Fid%3D6996%2F&af_id=souhub-990&ch=api
32,5074,M男,えむお,https://al.dmm.co.jp/?lurl=https%3A%2F%2Fwww.dmm.co.jp%2Fmonthly%2Fpremium%2F-%2Flist%2F%3D%2Farticle%3Dkeyword%2Fid%3D5074%2F&af_id=souhub-990&ch=api
33,6967,M女,えむおんな,https://al.dmm.co.jp/?lurl=https%3A%2F%2Fwww.dmm.co.jp%2Fmonthly%2Fpremium%2F-%2Flist%2F%3D%2Farticle%3Dkeyword%2Fid%3D6967%2F&af_id=souhub-990&ch=api
34,6594,AV OPEN 2014 スーパーヘビー級,えーぶいおーぷん2014すーぱーへびーきゅう,https://al.dmm.co.jp/?lurl=https%3A%2F%2Fwww.dmm.co.jp%2Fmonthly%2Fpremium%2F-%2Flist%2F%3D%2Farticle%3Dkeyword%2Fid%3D6594%2F&af_id=souhub-990&ch=api
35,6593,AV OPEN 2014 ヘビー級,えーぶいおーぷん2014へびーきゅう,https://al.dmm.co.jp/?lurl=https%3A%2F%2Fwww.dmm.co.jp%2Fmonthly%2Fpremium%2F-%2Flist%2F%3D%2Farticle%3Dkeyword%2Fid%3D6593%2F&af_id=souhub-990&ch=api
36,6592,AV OPEN 2014 ミドル級,えーぶいおーぷん2014みどるきゅう,https://al.dmm.co.jp/?lurl=https%3A%2F%2Fwww.dmm.co.jp%2Fmonthly%2Fpremium%2F-%2Flist%2F%3D%2Farticle%3Dkeyword%2Fid%3D6592%2F&af_id=souhub-990&ch=api
37,6655,AV OPEN 2015 SM/ハード部門,えーぶいおーぷん2015えすえむはーどぶもん,https://al.dmm.co.jp/?lurl=https%3A%2F%2Fwww.dmm.co.jp%2Fmonthly%2Fpremium%2F-%2Flist%2F%3D%2Farticle%3Dkeyword%2Fid%3D6655%2F&af_id=souhub-990&ch=api
38,6658,AV OPEN 2015 乙女部門,えーぶいおーぷん2015おとめぶもん,https://al.dmm.co.jp/?lurl=https%3A%2F%2Fwww.dmm.co.jp%2Fmonthly%2Fpremium%2F-%2Flist%2F%3D%2Farticle%3Dkeyword%2Fid%3D6658%2F&af_id=souhub-990&ch=api
39,6654,AV OPEN 2015 企画部門,えーぶいおーぷん2015きかくぶもん,https://al.dmm.co.jp/?lurl=https%3A%2F%2Fwww.dmm.co.jp%2Fmonthly%2Fpremium%2F-%2Flist%2F%3D%2Farticle%3Dkeyword%2Fid%3D6654%2F&af_id=souhub-990&ch=api
40,6656,AV OPEN 2015 素人部門,えーぶいおーぷん2015しろうとぶもん,https://al.dmm.co.jp/?lurl=https%3A%2F%2Fwww.dmm.co.jp%2Fmonthly%2Fpremium%2F-%2Flist%2F%3D%2Farticle%3Dkeyword%2Fid%3D6656%2F&af_id=souhub-990&ch=api
41,6653,AV OPEN 2015 熟女部門,えーぶいおーぷん2015じゅくじょぶもん,https://al.dmm.co.jp/?lurl=https%3A%2F%2Fwww.dmm.co.jp%2Fmonthly%2Fpremium%2F-%2Flist%2F%3D%2Farticle%3Dkeyword%2Fid%3D6653%2F&af_id=souhub-990&ch=api
42,6652,AV OPEN 2015 女優部門,えーぶいおーぷん2015じょゆうぶもん,https://al.dmm.co.jp/?lurl=https%3A%2F%2Fwww.dmm.co.jp%2Fmonthly%2Fpremium%2F-%2Flist%2F%3D%2Farticle%3Dkeyword%2Fid%3D6652%2F&af_id=souhub-990&ch=api
43,6657,AV OPEN 2015 マニア/フェチ部門,えーぶいおーぷん2015まにあふぇちぶもん,https://al.dmm.co.jp/?lurl=https%3A%2F%2Fwww.dmm.co.jp%2Fmonthly%2Fpremium%2F-%2Flist%2F%3D%2Farticle%3Dkeyword%2Fid%3D6657%2F&af_id=souhub-990&ch=api
44,6792,AV OPEN 2016 乙女部門,えーぶいおーぷん2016おとめぶもん,https://al.dmm.co.jp/?lurl=https%3A%2F%2Fwww.dmm.co.jp%2Fmonthly%2Fpremium%2F-%2Flist%2F%3D%2Farticle%3Dkeyword%2Fid%3D6792%2F&af_id=souhub-990&ch=api
45,6786,AV OPEN 2016 企画部門,えーぶいおーぷん2016きかくぶもん,https://al.dmm.co.jp/?lurl=https%3A%2F%2Fwww.dmm.co.jp%2Fmonthly%2Fpremium%2F-%2Flist%2F%3D%2Farticle%3Dkeyword%2Fid%3D6786%2F&af_id=souhub-990&ch=api
46,6789,AV OPEN 2016 素人部門,えーぶいおーぷん2016しろうとぶもん,https://al.dmm.co.jp/?lurl=https%3A%2F%2Fwww.dmm.co.jp%2Fmonthly%2Fpremium%2F-%2Flist%2F%3D%2Farticle%3Dkeyword%2Fid%3D6789%2F&af_id=souhub-990&ch=api
47,6784,AV OPEN 2016 女優部門,えーぶいおーぷん2016じょゆうぶもん,https://al.dmm.co.jp/?lurl=https%3A%2F%2Fwww.dmm.co.jp%2Fmonthly%2Fpremium%2F-%2Flist%2F%3D%2Farticle%3Dkeyword%2Fid%3D6784%2F&af_id=souhub-990&ch=api
48,6785,AV OPEN 2016 ドラマ・ドキュメンタリー部門,えーぶいおーぷん2016どらまどきゅめんたりーぶもん,https://al.dmm.co.jp/?lurl=https%3A%2F%2Fwww.dmm.co.jp%2Fmonthly%2Fpremium%2F-%2Flist%2F%3D%2Farticle%3Dkeyword%2Fid%3D6785%2F&af_id=souhub-990&ch=api
49,6790,AV OPEN 2016 ハード部門,えーぶいおーぷん2016はーどぶもん,https://al.dmm.co.jp/?lurl=https%3A%2F%2Fwww.dmm.co.jp%2Fmonthly%2Fpremium%2F-%2Flist%2F%3D%2Farticle%3Dkeyword%2Fid%3D6790%2F&af_id=souhub-990&ch=api
50,6788,AV OPEN 2016 バラエティ部門,えーぶいおーぷん2016ばらえてぃぶもん,https://al.dmm.co.jp/?lurl=https%3A%2F%2Fwww.dmm.co.jp%2Fmonthly%2Fpremium%2F-%2Flist%2F%3D%2Farticle%3Dkeyword%2Fid%3D6788%2F&af_id=souhub-990&ch=api
51,6791,AV OPEN 2016 人妻・熟女部門,えーぶいおーぷん2016ひとづまじゅくじょぶもん,https://al.dmm.co.jp/?lurl=https%3A%2F%2Fwww.dmm.co.jp%2Fmonthly%2Fpremium%2F-%2Flist%2F%3D%2Farticle%3Dkeyword%2Fid%3D6791%2F&af_id=souhub-990&ch=api
52,6787,AV OPEN 2016 マニア・フェチ部門,えーぶいおーぷん2016まにあふぇちぶもん,https://al.dmm.co.jp/?lurl=https%3A%2F%2Fwww.dmm.co.jp%2Fmonthly%2Fpremium%2F-%2Flist%2F%3D%2Farticle%3Dkeyword%2Fid%3D6787%2F&af_id=souhub-990&ch=api
53,6910,AV OPEN 2017 乙女部門,えーぶいおーぷん2017おとめぶもん,https://al.dmm.co.jp/?lurl=https%3A%2F%2Fwww.dmm.co.jp%2Fmonthly%2Fpremium%2F-%2Flist%2F%3D%2Farticle%3Dkeyword%2Fid%3D6910%2F&af_id=souhub-990&ch=api
54,6903,AV OPEN 2017 企画部門,えーぶいおーぷん2017きかくぶもん,https://al.dmm.co.jp/?lurl=https%3A%2F%2Fwww.dmm.co.jp%2Fmonthly%2Fpremium%2F-%2Flist%2F%3D%2Farticle%3Dkeyword%2Fid%3D6903%2F&af_id=souhub-990&ch=api
55,6906,AV OPEN 2017 素人部門,えーぶいおーぷん2017しろうとぶもん,https://al.dmm.co.jp/?lurl=https%3A%2F%2Fwww.dmm.co.jp%2Fmonthly%2Fpremium%2F-%2Flist%2F%3D%2Farticle%3Dkeyword%2Fid%3D6906%2F&af_id=souhub-990&ch=api
56,6902,AV OPEN 2017 女優部門,えーぶいおーぷん2017じょゆうぶもん,https://al.dmm.co.jp/?lurl=https%3A%2F%2Fwww.dmm.co.jp%2Fmonthly%2Fpremium%2F-%2Flist%2F%3D%2Farticle%3Dkeyword%2Fid%3D6902%2F&af_id=souhub-990&ch=api
57,6911,AV OPEN 2017 ドキュメンタリー部門,えーぶいおーぷん2017どきゅめんたりーぶもん,https://al.dmm.co.jp/?lurl=https%3A%2F%2Fwww.dmm.co.jp%2Fmonthly%2Fpremium%2F-%2Flist%2F%3D%2Farticle%3Dkeyword%2Fid%3D6911%2F&af_id=souhub-990&ch=api
58,6907,AV OPEN 2017 ドラマ部門,えーぶいおーぷん2017どらまぶもん,https://al.dmm.co.jp/?lurl=https%3A%2F%2Fwww.dmm.co.jp%2Fmonthly%2Fpremium%2F-%2Flist%2F%3D%2Farticle%3Dkeyword%2Fid%3D6907%2F&af_id=souhub-990&ch=api
59,6908,AV OPEN 2017 ハード部門,えーぶいおーぷん2017はーどぶもん,https://al.dmm.co.jp/?lurl=https%3A%2F%2Fwww.dmm.co.jp%2Fmonthly%2Fpremium%2F-%2Flist%2F%3D%2Farticle%3Dkeyword%2Fid%3D6908%2F&af_id=souhub-990&ch=api
60,6909,AV OPEN 2017 人妻・熟女部門,えーぶいおーぷん2017ひとづまじゅくじょぶもん,https://al.dmm.co.jp/?lurl=https%3A%2F%2Fwww.dmm.co.jp%2Fmonthly%2Fpremium%2F-%2Flist%2F%3D%2Farticle%3Dkeyword%2Fid%3D6909%2F&af_id=souhub-990&ch=api
61,6905,AV OPEN 2017 フェチ部門,えーぶいおーぷん2017ふぇちぶもん,https://al.dmm.co.jp/?lurl=https%3A%2F%2Fwww.dmm.co.jp%2Fmonthly%2Fpremium%2F-%2Flist%2F%3D%2Farticle%3Dkeyword%2Fid%3D6905%2F&af_id=souhub-990&ch=api
62,6904,AV OPEN 2017 マニア部門,えーぶいおーぷん2017まにあぶもん,https://al.dmm.co.jp/?lurl=https%3A%2F%2Fwww.dmm.co.jp%2Fmonthly%2Fpremium%2F-%2Flist%2F%3D%2Farticle%3Dkeyword%2Fid%3D6904%2F&af_id=souhub-990&ch=api
63,6929,AV OPEN 2018 素人部門,えーぶいおーぷん2018しろうとぶもん,https://al.dmm.co.jp/?lurl=https%3A%2F%2Fwww.dmm.co.jp%2Fmonthly%2Fpremium%2F-%2Flist%2F%3D%2Farticle%3Dkeyword%2Fid%3D6929%2F&af_id=souhub-990&ch=api
64,6928,AV OPEN 2018 マニア・フェチ部門,えーぶいおーぷん2018まにあふぇちぶもん,https://al.dmm.co.jp/?lurl=https%3A%2F%2Fwww.dmm.co.jp%2Fmonthly%2Fpremium%2F-%2Flist%2F%3D%2Farticle%3Dkeyword%2Fid%3D6928%2F&af_id=souhub-990&ch=api
65,1032,お母さん,おかあさん,https://al.dmm.co.jp/?lurl=https%3A%2F%2Fwww.dmm.co.jp%2Fmonthly%2Fpremium%2F-%2Flist%2F%3D%2Farticle%3Dkeyword%2Fid%3D1032%2F&af_id=souhub-990&ch=api
66,1003,女将・女主人,おかみおんなしゅじん,https://al.dmm.co.jp/?lurl=https%3A%2F%2Fwww.dmm.co.jp%2Fmonthly%2Fpremium%2F-%2Flist%2F%3D%2Farticle%3Dkeyword%2Fid%3D1003%2F&af_id=souhub-990&ch=api
67,1083,幼なじみ,おさななじみ,https://al.dmm.co.jp/?lurl=https%3A%2F%2Fwww.dmm.co.jp%2Fmonthly%2Fpremium%2F-%2Flist%2F%3D%2Farticle%3Dkeyword%2Fid%3D1083%2F&af_id=souhub-990&ch=api
68,6934,お爺ちゃん,おじいちゃん,https://al.dmm.co.jp/?lurl=https%3A%2F%2Fwww.dmm.co.jp%2Fmonthly%2Fpremium%2F-%2Flist%2F%3D%2Farticle%3Dkeyword%2Fid%3D6934%2F&af_id=souhub-990&ch=api
69,8524,お嬢様・令嬢,おじょうさまれいじょう,https://al.dmm.co.jp/?lurl=https%3A%2F%2Fwww.dmm.co.jp%2Fmonthly%2Fpremium%2F-%2Flist%2F%3D%2Farticle%3Dkeyword%2Fid%3D8524%2F&af_id=souhub-990&ch=api
70,527,お嬢様・令嬢,おじょうさまれいじょう,https://al.dmm.co.jp/?lurl=https%3A%2F%2Fwww.dmm.co.jp%2Fmonthly%2Fpremium%2F-%2Flist%2F%3D%2Farticle%3Dkeyword%2Fid%3D527%2F&af_id=souhub-990&ch=api
71,6954,オタク,おたく,https://al.dmm.co.jp/?lurl=https%3A%2F%2Fwww.dmm.co.jp%2Fmonthly%2Fpremium%2F-%2Flist%2F%3D%2Farticle%3Dkeyword%2Fid%3D6954%2F&af_id=souhub-990&ch=api
72,6948,男の潮吹き,おとこのしおふき,https://al.dmm.co.jp/?lurl=https%3A%2F%2Fwww.dmm.co.jp%2Fmonthly%2Fpremium%2F-%2Flist%2F%3D%2Farticle%3Dkeyword%2Fid%3D6948%2F&af_id=souhub-990&ch=api
73,6938,オナサポ,おなさぽ,https://al.dmm.co.jp/?lurl=https%3A%2F%2Fwww.dmm.co.jp%2Fmonthly%2Fpremium%2F-%2Flist%2F%3D%2Farticle%3Dkeyword%2Fid%3D6938%2F&af_id=souhub-990&ch=api
74,5008,オナニー,おなにー,https://al.dmm.co.jp/?lurl=https%3A%2F%2Fwww.dmm.co.jp%2Fmonthly%2Fpremium%2F-%2Flist%2F%3D%2Farticle%3Dkeyword%2Fid%3D5008%2F&af_id=souhub-990&ch=api
75,8521,お姉さん,おねえさん,https://al.dmm.co.jp/?lurl=https%3A%2F%2Fwww.dmm.co.jp%2Fmonthly%2Fpremium%2F-%2Flist%2F%3D%2Farticle%3Dkeyword%2Fid%3D8521%2F&af_id=souhub-990&ch=api
76,1033,お姉さん,おねえさん,https://al.dmm.co.jp/?lurl=https%3A%2F%2Fwww.dmm.co.jp%2Fmonthly%2Fpremium%2F-%2Flist%2F%3D%2Farticle%3Dkeyword%2Fid%3D1033%2F&af_id=souhub-990&ch=api
77,6947,お婆ちゃん,おばあちゃん,https://al.dmm.co.jp/?lurl=https%3A%2F%2Fwww.dmm.co.jp%2Fmonthly%2Fpremium%2F-%2Flist%2F%3D%2Farticle%3Dkeyword%2Fid%3D6947%2F&af_id=souhub-990&ch=api
78,6943,叔母さん,おばさん,https://al.dmm.co.jp/?lurl=https%3A%2F%2Fwww.dmm.co.jp%2Fmonthly%2Fpremium%2F-%2Flist%2F%3D%2Farticle%3Dkeyword%2Fid%3D6943%2F&af_id=souhub-990&ch=api
79,528,お姫様,おひめさま,https://al.dmm.co.jp/?lurl=https%3A%2F%2Fwww.dmm.co.jp%2Fmonthly%2Fpremium%2F-%2Flist%2F%3D%2Farticle%3Dkeyword%2Fid%3D528%2F&af_id=souhub-990&ch=api
80,6969,お風呂,おふろ,https://al.dmm.co.jp/?lurl=https%3A%2F%2Fwww.dmm.co.jp%2Fmonthly%2Fpremium%2F-%2Flist%2F%3D%2Farticle%3Dkeyword%2Fid%3D6969%2F&af_id=souhub-990&ch=api
81,5017,おもちゃ,おもちゃ,https://al.dmm.co.jp/?lurl=https%3A%2F%2Fwww.dmm.co.jp%2Fmonthly%2Fpremium%2F-%2Flist%2F%3D%2Farticle%3Dkeyword%2Fid%3D5017%2F&af_id=souhub-990&ch=api
82,4140,温泉,おんせん,https://al.dmm.co.jp/?lurl=https%3A%2F%2Fwww.dmm.co.jp%2Fmonthly%2Fpremium%2F-%2Flist%2F%3D%2Farticle%3Dkeyword%2Fid%3D4140%2F&af_id=souhub-990&ch=api
83,1016,女教師,おんなきょうし,https://al.dmm.co.jp/?lurl=https%3A%2F%2Fwww.dmm.co.jp%2Fmonthly%2Fpremium%2F-%2Flist%2F%3D%2Farticle%3Dkeyword%2Fid%3D1016%2F&af_id=souhub-990&ch=api
84,6945,女上司,おんなじょうし,https://al.dmm.co.jp/?lurl=https%3A%2F%2Fwww.dmm.co.jp%2Fmonthly%2Fpremium%2F-%2Flist%2F%3D%2Farticle%3Dkeyword%2Fid%3D6945%2F&af_id=souhub-990&ch=api
85,1082,女戦士,おんなせんし,https://al.dmm.co.jp/?lurl=https%3A%2F%2Fwww.dmm.co.jp%2Fmonthly%2Fpremium%2F-%2Flist%2F%3D%2Farticle%3Dkeyword%2Fid%3D1082%2F&af_id=souhub-990&ch=api
86,2022,女捜査官,おんなそうさかん,https://al.dmm.co.jp/?lurl=https%3A%2F%2Fwww.dmm.co.jp%2Fmonthly%2Fpremium%2F-%2Flist%2F%3D%2Farticle%3Dkeyword%2Fid%3D2022%2F&af_id=souhub-990&ch=api
87,1001,OL,おーえる,https://al.dmm.co.jp/?lurl=https%3A%2F%2Fwww.dmm.co.jp%2Fmonthly%2Fpremium%2F-%2Flist%2F%3D%2Farticle%3Dkeyword%2Fid%3D1001%2F&af_id=souhub-990&ch=api
88,1021,格闘家,かくとうか,https://al.dmm.co.jp/?lurl=https%3A%2F%2Fwww.dmm.co.jp%2Fmonthly%2Fpremium%2F-%2Flist%2F%3D%2Farticle%3Dkeyword%2Fid%3D1021%2F&af_id=souhub-990&ch=api
89,4123,カップル,かっぷる,https://al.dmm.co.jp/?lurl=https%3A%2F%2Fwww.dmm.co.jp%2Fmonthly%2Fpremium%2F-%2Flist%2F%3D%2Farticle%3Dkeyword%2Fid%3D4123%2F&af_id=souhub-990&ch=api
90,1022,家庭教師,かていきょうし,https://al.dmm.co.jp/?lurl=https%3A%2F%2Fwww.dmm.co.jp%2Fmonthly%2Fpremium%2F-%2Flist%2F%3D%2Farticle%3Dkeyword%2Fid%3D1022%2F&af_id=souhub-990&ch=api
91,5010,監禁,かんきん,https://al.dmm.co.jp/?lurl=https%3A%2F%2Fwww.dmm.co.jp%2Fmonthly%2Fpremium%2F-%2Flist%2F%3D%2Farticle%3Dkeyword%2Fid%3D5010%2F&af_id=souhub-990&ch=api
92,1013,看護婦・ナース,かんごふなーす,https://al.dmm.co.jp/?lurl=https%3A%2F%2Fwww.dmm.co.jp%2Fmonthly%2Fpremium%2F-%2Flist%2F%3D%2Farticle%3Dkeyword%2Fid%3D1013%2F&af_id=souhub-990&ch=api
93,5014,浣腸,かんちょう,https://al.dmm.co.jp/?lurl=https%3A%2F%2Fwww.dmm.co.jp%2Fmonthly%2Fpremium%2F-%2Flist%2F%3D%2Farticle%3Dkeyword%2Fid%3D5014%2F&af_id=souhub-990&ch=api
94,4026,カーセックス,かーせっくす,https://al.dmm.co.jp/?lurl=https%3A%2F%2Fwww.dmm.co.jp%2Fmonthly%2Fpremium%2F-%2Flist%2F%3D%2Farticle%3Dkeyword%2Fid%3D4026%2F&af_id=souhub-990&ch=api
95,553,学園もの,がくえんもの,https://al.dmm.co.jp/?lurl=https%3A%2F%2Fwww.dmm.co.jp%2Fmonthly%2Fpremium%2F-%2Flist%2F%3D%2Farticle%3Dkeyword%2Fid%3D553%2F&af_id=souhub-990&ch=api
96,3011,学生服,がくせいふく,https://al.dmm.co.jp/?lurl=https%3A%2F%2Fwww.dmm.co.jp%2Fmonthly%2Fpremium%2F-%2Flist%2F%3D%2Farticle%3Dkeyword%2Fid%3D3011%2F&af_id=souhub-990&ch=api
97,5023,顔射,がんしゃ,https://al.dmm.co.jp/?lurl=https%3A%2F%2Fwww.dmm.co.jp%2Fmonthly%2Fpremium%2F-%2Flist%2F%3D%2Farticle%3Dkeyword%2Fid%3D5023%2F&af_id=souhub-990&ch=api
98,5067,顔面騎乗,がんめんきじょう,https://al.dmm.co.jp/?lurl=https%3A%2F%2Fwww.dmm.co.jp%2Fmonthly%2Fpremium%2F-%2Flist%2F%3D%2Farticle%3Dkeyword%2Fid%3D5067%2F&af_id=souhub-990&ch=api
99,4007,企画,きかく,https://al.dmm.co.jp/?lurl=https%3A%2F%2Fwww.dmm.co.jp%2Fmonthly%2Fpremium%2F-%2Flist%2F%3D%2Farticle%3Dkeyword%2Fid%3D4007%2F&af_id=souhub-990&ch=api
100,4106,騎乗位,きじょうい,https://al.dmm.co.jp/?lurl=https%3A%2F%2Fwww.dmm.co.jp%2Fmonthly%2Fpremium%2F-%2Flist%2F%3D%2Farticle%3Dkeyword%2Fid%3D4106%2F&af_id=souhub-990&ch=api
101,4059,キス・接吻,きすせっぷん,https://al.dmm.co.jp/?lurl=https%3A%2F%2Fwww.dmm.co.jp%2Fmonthly%2Fpremium%2F-%2Flist%2F%3D%2Farticle%3Dkeyword%2Fid%3D4059%2F&af_id=souhub-990&ch=api
102,567,鬼畜,きちく,https://al.dmm.co.jp/?lurl=https%3A%2F%2Fwww.dmm.co.jp%2Fmonthly%2Fpremium%2F-%2Flist%2F%3D%2Farticle%3Dkeyword%2Fid%3D567%2F&af_id=souhub-990&ch=api
103,1036,キャバ嬢・風俗嬢,きゃばじょうふうぞくじょう,https://al.dmm.co.jp/?lurl=https%3A%2F%2Fwww.dmm.co.jp%2Fmonthly%2Fpremium%2F-%2Flist%2F%3D%2Farticle%3Dkeyword%2Fid%3D1036%2F&af_id=souhub-990&ch=api
104,1005,キャンギャル,きゃんぎゃる,https://al.dmm.co.jp/?lurl=https%3A%2F%2Fwww.dmm.co.jp%2Fmonthly%2Fpremium%2F-%2Flist%2F%3D%2Farticle%3Dkeyword%2Fid%3D1005%2F&af_id=souhub-990&ch=api
105,3009,競泳・スクール水着,きょうえいすくーるみずぎ,https://al.dmm.co.jp/?lurl=https%3A%2F%2Fwww.dmm.co.jp%2Fmonthly%2Fpremium%2F-%2Flist%2F%3D%2Farticle%3Dkeyword%2Fid%3D3009%2F&af_id=souhub-990&ch=api
106,4017,局部アップ,きょくぶあっぷ,https://al.dmm.co.jp/?lurl=https%3A%2F%2Fwww.dmm.co.jp%2Fmonthly%2Fpremium%2F-%2Flist%2F%3D%2Farticle%3Dkeyword%2Fid%3D4017%2F&af_id=souhub-990&ch=api
107,2024,巨尻,きょしり,https://al.dmm.co.jp/?lurl=https%3A%2F%2Fwww.dmm.co.jp%2Fmonthly%2Fpremium%2F-%2Flist%2F%3D%2Farticle%3Dkeyword%2Fid%3D2024%2F&af_id=souhub-990&ch=api
108,8508,巨乳,きょにゅう,https://al.dmm.co.jp/?lurl=https%3A%2F%2Fwww.dmm.co.jp%2Fmonthly%2Fpremium%2F-%2Flist%2F%3D%2Farticle%3Dkeyword%2Fid%3D8508%2F&af_id=souhub-990&ch=api
109,2001,巨乳,きょにゅう,https://al.dmm.co.jp/?lurl=https%3A%2F%2Fwww.dmm.co.jp%2Fmonthly%2Fpremium%2F-%2Flist%2F%3D%2Farticle%3Dkeyword%2Fid%3D2001%2F&af_id=souhub-990&ch=api
110,4009,巨乳フェチ,きょにゅうふぇち,https://al.dmm.co.jp/?lurl=https%3A%2F%2Fwww.dmm.co.jp%2Fmonthly%2Fpremium%2F-%2Flist%2F%3D%2Farticle%3Dkeyword%2Fid%3D4009%2F&af_id=souhub-990&ch=api
111,4002,近親相姦,きんしんそうかん,https://al.dmm.co.jp/?lurl=https%3A%2F%2Fwww.dmm.co.jp%2Fmonthly%2Fpremium%2F-%2Flist%2F%3D%2Farticle%3Dkeyword%2Fid%3D4002%2F&af_id=souhub-990&ch=api
112,97,筋肉,きんにく,https://al.dmm.co.jp/?lurl=https%3A%2F%2Fwww.dmm.co.jp%2Fmonthly%2Fpremium%2F-%2Flist%2F%3D%2Farticle%3Dkeyword%2Fid%3D97%2F&af_id=souhub-990&ch=api
113,8519,金髪,きんぱつ,https://al.dmm.co.jp/?lurl=https%3A%2F%2Fwww.dmm.co.jp%2Fmonthly%2Fpremium%2F-%2Flist%2F%3D%2Farticle%3Dkeyword%2Fid%3D8519%2F&af_id=souhub-990&ch=api
114,524,義母,ぎぼ,https://al.dmm.co.jp/?lurl=https%3A%2F%2Fwww.dmm.co.jp%2Fmonthly%2Fpremium%2F-%2Flist%2F%3D%2Farticle%3Dkeyword%2Fid%3D524%2F&af_id=souhub-990&ch=api
115,4120,逆ナン,ぎゃくなん,https://al.dmm.co.jp/?lurl=https%3A%2F%2Fwww.dmm.co.jp%2Fmonthly%2Fpremium%2F-%2Flist%2F%3D%2Farticle%3Dkeyword%2Fid%3D4120%2F&af_id=souhub-990&ch=api
116,5,ギャグ・コメディ,ぎゃぐこめでぃ,https://al.dmm.co.jp/?lurl=https%3A%2F%2Fwww.dmm.co.jp%2Fmonthly%2Fpremium%2F-%2Flist%2F%3D%2Farticle%3Dkeyword%2Fid%3D5%2F&af_id=souhub-990&ch=api
117,8503,ギャル,ぎゃる,https://al.dmm.co.jp/?lurl=https%3A%2F%2Fwww.dmm.co.jp%2Fmonthly%2Fpremium%2F-%2Flist%2F%3D%2Farticle%3Dkeyword%2Fid%3D8503%2F&af_id=souhub-990&ch=api
118,1034,ギャル,ぎゃる,https://al.dmm.co.jp/?lurl=https%3A%2F%2Fwww.dmm.co.jp%2Fmonthly%2Fpremium%2F-%2Flist%2F%3D%2Farticle%3Dkeyword%2Fid%3D1034%2F&af_id=souhub-990&ch=api
119,6017,ギリモザ,ぎりもざ,https://al.dmm.co.jp/?lurl=https%3A%2F%2Fwww.dmm.co.jp%2Fmonthly%2Fpremium%2F-%2Flist%2F%3D%2Farticle%3Dkeyword%2Fid%3D6017%2F&af_id=souhub-990&ch=api
120,5069,くすぐり,くすぐり,https://al.dmm.co.jp/?lurl=https%3A%2F%2Fwww.dmm.co.jp%2Fmonthly%2Fpremium%2F-%2Flist%2F%3D%2Farticle%3Dkeyword%2Fid%3D5069%2F&af_id=souhub-990&ch=api
121,5007,クスコ,くすこ,https://al.dmm.co.jp/?lurl=https%3A%2F%2Fwww.dmm.co.jp%2Fmonthly%2Fpremium%2F-%2Flist%2F%3D%2Farticle%3Dkeyword%2Fid%3D5007%2F&af_id=souhub-990&ch=api
122,1075,くノ一,くのいち,https://al.dmm.co.jp/?lurl=https%3A%2F%2Fwww.dmm.co.jp%2Fmonthly%2Fpremium%2F-%2Flist%2F%3D%2Farticle%3Dkeyword%2Fid%3D1075%2F&af_id=souhub-990&ch=api
123,8505,くびれ,くびれ,https://al.dmm.co.jp/?lurl=https%3A%2F%2Fwww.dmm.co.jp%2Fmonthly%2Fpremium%2F-%2Flist%2F%3D%2Farticle%3Dkeyword%2Fid%3D8505%2F&af_id=souhub-990&ch=api
124,4033,クラシック,くらしっく,https://al.dmm.co.jp/?lurl=https%3A%2F%2Fwww.dmm.co.jp%2Fmonthly%2Fpremium%2F-%2Flist%2F%3D%2Farticle%3Dkeyword%2Fid%3D4033%2F&af_id=souhub-990&ch=api
125,8527,黒髪,くろかみ,https://al.dmm.co.jp/?lurl=https%3A%2F%2Fwww.dmm.co.jp%2Fmonthly%2Fpremium%2F-%2Flist%2F%3D%2Farticle%3Dkeyword%2Fid%3D8527%2F&af_id=souhub-990&ch=api
126,6001,クロマキー,くろまきー,https://al.dmm.co.jp/?lurl=https%3A%2F%2Fwww.dmm.co.jp%2Fmonthly%2Fpremium%2F-%2Flist%2F%3D%2Farticle%3Dkeyword%2Fid%3D6001%2F&af_id=souhub-990&ch=api
127,38,クンニ,くんに,https://al.dmm.co.jp/?lurl=https%3A%2F%2Fwww.dmm.co.jp%2Fmonthly%2Fpremium%2F-%2Flist%2F%3D%2Farticle%3Dkeyword%2Fid%3D38%2F&af_id=souhub-990&ch=api
128,4060,ゲイ,げい,https://al.dmm.co.jp/?lurl=https%3A%2F%2Fwww.dmm.co.jp%2Fmonthly%2Fpremium%2F-%2Flist%2F%3D%2Farticle%3Dkeyword%2Fid%3D4060%2F&af_id=souhub-990&ch=api
129,6151,ゲロ,げろ,https://al.dmm.co.jp/?lurl=https%3A%2F%2Fwww.dmm.co.jp%2Fmonthly%2Fpremium%2F-%2Flist%2F%3D%2Farticle%3Dkeyword%2Fid%3D6151%2F&af_id=souhub-990&ch=api
130,4138,原作コラボ,げんさくこらぼ,https://al.dmm.co.jp/?lurl=https%3A%2F%2Fwww.dmm.co.jp%2Fmonthly%2Fpremium%2F-%2Flist%2F%3D%2Farticle%3Dkeyword%2Fid%3D4138%2F&af_id=souhub-990&ch=api
131,6597,ゲーム実写版,げーむじっしゃばん,https://al.dmm.co.jp/?lurl=https%3A%2F%2Fwww.dmm.co.jp%2Fmonthly%2Fpremium%2F-%2Flist%2F%3D%2Farticle%3Dkeyword%2Fid%3D6597%2F&af_id=souhub-990&ch=api
132,25,拘束,こうそく,https://al.dmm.co.jp/?lurl=https%3A%2F%2Fwww.dmm.co.jp%2Fmonthly%2Fpremium%2F-%2Flist%2F%3D%2Farticle%3Dkeyword%2Fid%3D25%2F&af_id=souhub-990&ch=api
133,2003,小柄,こがら,https://al.dmm.co.jp/?lurl=https%3A%2F%2Fwww.dmm.co.jp%2Fmonthly%2Fpremium%2F-%2Flist%2F%3D%2Farticle%3Dkeyword%2Fid%3D2003%2F&af_id=souhub-990&ch=api
134,1028,黒人男優,こくじんだんゆう,https://al.dmm.co.jp/?lurl=https%3A%2F%2Fwww.dmm.co.jp%2Fmonthly%2Fpremium%2F-%2Flist%2F%3D%2Farticle%3Dkeyword%2Fid%3D1028%2F&af_id=souhub-990&ch=api
135,4031,コスプレ,こすぷれ,https://al.dmm.co.jp/?lurl=https%3A%2F%2Fwww.dmm.co.jp%2Fmonthly%2Fpremium%2F-%2Flist%2F%3D%2Farticle%3Dkeyword%2Fid%3D4031%2F&af_id=souhub-990&ch=api
136,6574,コラボ作品,こらぼさくひん,https://al.dmm.co.jp/?lurl=https%3A%2F%2Fwww.dmm.co.jp%2Fmonthly%2Fpremium%2F-%2Flist%2F%3D%2Farticle%3Dkeyword%2Fid%3D6574%2F&af_id=souhub-990&ch=api
137,1041,コンパニオン,こんぱにおん,https://al.dmm.co.jp/?lurl=https%3A%2F%2Fwww.dmm.co.jp%2Fmonthly%2Fpremium%2F-%2Flist%2F%3D%2Farticle%3Dkeyword%2Fid%3D1041%2F&af_id=souhub-990&ch=api
138,5059,拷問,ごうもん,https://al.dmm.co.jp/?lurl=https%3A%2F%2Fwww.dmm.co.jp%2Fmonthly%2Fpremium%2F-%2Flist%2F%3D%2Farticle%3Dkeyword%2Fid%3D5059%2F&af_id=souhub-990&ch=api
139,1071,極道・任侠,ごくどうにんきょう,https://al.dmm.co.jp/?lurl=https%3A%2F%2Fwww.dmm.co.jp%2Fmonthly%2Fpremium%2F-%2Flist%2F%3D%2Farticle%3Dkeyword%2Fid%3D1071%2F&af_id=souhub-990&ch=api
140,3034,ゴスロリ,ごすろり,https://al.dmm.co.jp/?lurl=https%3A%2F%2Fwww.dmm.co.jp%2Fmonthly%2Fpremium%2F-%2Flist%2F%3D%2Farticle%3Dkeyword%2Fid%3D3034%2F&af_id=souhub-990&ch=api
141,5009,ごっくん,ごっくん,https://al.dmm.co.jp/?lurl=https%3A%2F%2Fwww.dmm.co.jp%2Fmonthly%2Fpremium%2F-%2Flist%2F%3D%2Farticle%3Dkeyword%2Fid%3D5009%2F&af_id=souhub-990&ch=api
142,6069,サイコ・スリラー,さいこすりらー,https://al.dmm.co.jp/?lurl=https%3A%2F%2Fwww.dmm.co.jp%2Fmonthly%2Fpremium%2F-%2Flist%2F%3D%2Farticle%3Dkeyword%2Fid%3D6069%2F&af_id=souhub-990&ch=api
143,5022,3P・4P,さんぴーよんぴー,https://al.dmm.co.jp/?lurl=https%3A%2F%2Fwww.dmm.co.jp%2Fmonthly%2Fpremium%2F-%2Flist%2F%3D%2Farticle%3Dkeyword%2Fid%3D5022%2F&af_id=souhub-990&ch=api
144,6102,サンプル動画,さんぷるどうが,https://al.dmm.co.jp/?lurl=https%3A%2F%2Fwww.dmm.co.jp%2Fmonthly%2Fpremium%2F-%2Flist%2F%3D%2Farticle%3Dkeyword%2Fid%3D6102%2F&af_id=souhub-990&ch=api
145,21,残虐表現,ざんぎゃくひょうげん,https://al.dmm.co.jp/?lurl=https%3A%2F%2Fwww.dmm.co.jp%2Fmonthly%2Fpremium%2F-%2Flist%2F%3D%2Farticle%3Dkeyword%2Fid%3D21%2F&af_id=souhub-990&ch=api
146,5016,潮吹き,しおふき,https://al.dmm.co.jp/?lurl=https%3A%2F%2Fwww.dmm.co.jp%2Fmonthly%2Fpremium%2F-%2Flist%2F%3D%2Farticle%3Dkeyword%2Fid%3D5016%2F&af_id=souhub-990&ch=api
147,1042,シスター,しすたー,https://al.dmm.co.jp/?lurl=https%3A%2F%2Fwww.dmm.co.jp%2Fmonthly%2Fpremium%2F-%2Flist%2F%3D%2Farticle%3Dkeyword%2Fid%3D1042%2F&af_id=souhub-990&ch=api
148,5020,シックスナイン,しっくすないん,https://al.dmm.co.jp/?lurl=https%3A%2F%2Fwww.dmm.co.jp%2Fmonthly%2Fpremium%2F-%2Flist%2F%3D%2Farticle%3Dkeyword%2Fid%3D5020%2F&af_id=souhub-990&ch=api
149,5021,縛り・緊縛,しばりきんばく,https://al.dmm.co.jp/?lurl=https%3A%2F%2Fwww.dmm.co.jp%2Fmonthly%2Fpremium%2F-%2Flist%2F%3D%2Farticle%3Dkeyword%2Fid%3D5021%2F&af_id=souhub-990&ch=api
150,28,羞恥,しゅうち,https://al.dmm.co.jp/?lurl=https%3A%2F%2Fwww.dmm.co.jp%2Fmonthly%2Fpremium%2F-%2Flist%2F%3D%2Farticle%3Dkeyword%2Fid%3D28%2F&af_id=souhub-990&ch=api
151,5063,主観,しゅかん,https://al.dmm.co.jp/?lurl=https%3A%2F%2Fwww.dmm.co.jp%2Fmonthly%2Fpremium%2F-%2Flist%2F%3D%2Farticle%3Dkeyword%2Fid%3D5063%2F&af_id=souhub-990&ch=api
152,1026,職業色々,しょくぎょういろいろ,https://al.dmm.co.jp/?lurl=https%3A%2F%2Fwww.dmm.co.jp%2Fmonthly%2Fpremium%2F-%2Flist%2F%3D%2Farticle%3Dkeyword%2Fid%3D1026%2F&af_id=souhub-990&ch=api
153,62,触手,しょくしゅ,https://al.dmm.co.jp/?lurl=https%3A%2F%2Fwww.dmm.co.jp%2Fmonthly%2Fpremium%2F-%2Flist%2F%3D%2Farticle%3Dkeyword%2Fid%3D62%2F&af_id=souhub-990&ch=api
154,5024,食糞,しょくふん,https://al.dmm.co.jp/?lurl=https%3A%2F%2Fwww.dmm.co.jp%2Fmonthly%2Fpremium%2F-%2Flist%2F%3D%2Farticle%3Dkeyword%2Fid%3D5024%2F&af_id=souhub-990&ch=api
155,55,処女,しょじょ,https://al.dmm.co.jp/?lurl=https%3A%2F%2Fwww.dmm.co.jp%2Fmonthly%2Fpremium%2F-%2Flist%2F%3D%2Farticle%3Dkeyword%2Fid%3D55%2F&af_id=souhub-990&ch=api
156,4058,ショタ,しょた,https://al.dmm.co.jp/?lurl=https%3A%2F%2Fwww.dmm.co.jp%2Fmonthly%2Fpremium%2F-%2Flist%2F%3D%2Farticle%3Dkeyword%2Fid%3D4058%2F&af_id=souhub-990&ch=api
157,8516,ショートヘアー,しょーとへあー,https://al.dmm.co.jp/?lurl=https%3A%2F%2Fwww.dmm.co.jp%2Fmonthly%2Fpremium%2F-%2Flist%2F%3D%2Farticle%3Dkeyword%2Fid%3D8516%2F&af_id=souhub-990&ch=api
158,4011,尻フェチ,しりふぇち,https://al.dmm.co.jp/?lurl=https%3A%2F%2Fwww.dmm.co.jp%2Fmonthly%2Fpremium%2F-%2Flist%2F%3D%2Farticle%3Dkeyword%2Fid%3D4011%2F&af_id=souhub-990&ch=api
159,4024,素人,しろうと,https://al.dmm.co.jp/?lurl=https%3A%2F%2Fwww.dmm.co.jp%2Fmonthly%2Fpremium%2F-%2Flist%2F%3D%2Farticle%3Dkeyword%2Fid%3D4024%2F&af_id=souhub-990&ch=api
160,6966,白目・失神,しろめしっしん,https://al.dmm.co.jp/?lurl=https%3A%2F%2Fwww.dmm.co.jp%2Fmonthly%2Fpremium%2F-%2Flist%2F%3D%2Farticle%3Dkeyword%2Fid%3D6966%2F&af_id=souhub-990&ch=api
161,5070,時間停止,じかんていし,https://al.dmm.co.jp/?lurl=https%3A%2F%2Fwww.dmm.co.jp%2Fmonthly%2Fpremium%2F-%2Flist%2F%3D%2Farticle%3Dkeyword%2Fid%3D5070%2F&af_id=souhub-990&ch=api
162,563,時代劇,じだいげき,https://al.dmm.co.jp/?lurl=https%3A%2F%2Fwww.dmm.co.jp%2Fmonthly%2Fpremium%2F-%2Flist%2F%3D%2Farticle%3Dkeyword%2Fid%3D563%2F&af_id=souhub-990&ch=api
163,6609,16時間以上作品,じゅうろくじかんいじょうさくひん,https://al.dmm.co.jp/?lurl=https%3A%2F%2Fwww.dmm.co.jp%2Fmonthly%2Fpremium%2F-%2Flist%2F%3D%2Farticle%3Dkeyword%2Fid%3D6609%2F&af_id=souhub-990&ch=api
164,1014,熟女,じゅくじょ,https://al.dmm.co.jp/?lurl=https%3A%2F%2Fwww.dmm.co.jp%2Fmonthly%2Fpremium%2F-%2Flist%2F%3D%2Farticle%3Dkeyword%2Fid%3D1014%2F&af_id=souhub-990&ch=api
165,1015,女医,じょい,https://al.dmm.co.jp/?lurl=https%3A%2F%2Fwww.dmm.co.jp%2Fmonthly%2Fpremium%2F-%2Flist%2F%3D%2Farticle%3Dkeyword%2Fid%3D1015%2F&af_id=souhub-990&ch=api
166,6944,女王様,じょおうさま,https://al.dmm.co.jp/?lurl=https%3A%2F%2Fwww.dmm.co.jp%2Fmonthly%2Fpremium%2F-%2Flist%2F%3D%2Farticle%3Dkeyword%2Fid%3D6944%2F&af_id=souhub-990&ch=api
167,1017,女子アナ,じょしあな,https://al.dmm.co.jp/?lurl=https%3A%2F%2Fwww.dmm.co.jp%2Fmonthly%2Fpremium%2F-%2Flist%2F%3D%2Farticle%3Dkeyword%2Fid%3D1017%2F&af_id=souhub-990&ch=api
168,1018,女子校生,じょしこうせい,https://al.dmm.co.jp/?lurl=https%3A%2F%2Fwww.dmm.co.jp%2Fmonthly%2Fpremium%2F-%2Flist%2F%3D%2Farticle%3Dkeyword%2Fid%3D1018%2F&af_id=souhub-990&ch=api
169,1019,女子大生,じょしこうせい,https://al.dmm.co.jp/?lurl=https%3A%2F%2Fwww.dmm.co.jp%2Fmonthly%2Fpremium%2F-%2Flist%2F%3D%2Farticle%3Dkeyword%2Fid%3D1019%2F&af_id=souhub-990&ch=api
170,35,女性向け,じょせいむけ,https://al.dmm.co.jp/?lurl=https%3A%2F%2Fwww.dmm.co.jp%2Fmonthly%2Fpremium%2F-%2Flist%2F%3D%2Farticle%3Dkeyword%2Fid%3D35%2F&af_id=souhub-990&ch=api
171,3036,女装・男の娘,じょそうおとこのこ,https://al.dmm.co.jp/?lurl=https%3A%2F%2Fwww.dmm.co.jp%2Fmonthly%2Fpremium%2F-%2Flist%2F%3D%2Farticle%3Dkeyword%2Fid%3D3036%2F&af_id=souhub-990&ch=api
172,6608,女優ベスト・総集編,じょゆうべすとそうしゅうへん,https://al.dmm.co.jp/?lurl=https%3A%2F%2Fwww.dmm.co.jp%2Fmonthly%2Fpremium%2F-%2Flist%2F%3D%2Farticle%3Dkeyword%2Fid%3D6608%2F&af_id=souhub-990&ch=api
173,4018,スカトロ,すかとろ,https://al.dmm.co.jp/?lurl=https%3A%2F%2Fwww.dmm.co.jp%2Fmonthly%2Fpremium%2F-%2Flist%2F%3D%2Farticle%3Dkeyword%2Fid%3D4018%2F&af_id=souhub-990&ch=api
174,1007,スチュワーデス,すちゅわーです,https://al.dmm.co.jp/?lurl=https%3A%2F%2Fwww.dmm.co.jp%2Fmonthly%2Fpremium%2F-%2Flist%2F%3D%2Farticle%3Dkeyword%2Fid%3D1007%2F&af_id=souhub-990&ch=api
175,6940,スパンキング,すぱんきんぐ,https://al.dmm.co.jp/?lurl=https%3A%2F%2Fwww.dmm.co.jp%2Fmonthly%2Fpremium%2F-%2Flist%2F%3D%2Farticle%3Dkeyword%2Fid%3D6940%2F&af_id=souhub-990&ch=api
176,4096,スポーツ,すぽーつ,https://al.dmm.co.jp/?lurl=https%3A%2F%2Fwww.dmm.co.jp%2Fmonthly%2Fpremium%2F-%2Flist%2F%3D%2Farticle%3Dkeyword%2Fid%3D4096%2F&af_id=souhub-990&ch=api
177,6671,スマホ推奨縦動画,すまほすいしょうたてどうが,https://al.dmm.co.jp/?lurl=https%3A%2F%2Fwww.dmm.co.jp%2Fmonthly%2Fpremium%2F-%2Flist%2F%3D%2Farticle%3Dkeyword%2Fid%3D6671%2F&af_id=souhub-990&ch=api
178,617,3D,すりーでぃー,https://al.dmm.co.jp/?lurl=https%3A%2F%2Fwww.dmm.co.jp%2Fmonthly%2Fpremium%2F-%2Flist%2F%3D%2Farticle%3Dkeyword%2Fid%3D617%2F&af_id=souhub-990&ch=api
179,8511,スレンダー,すれんだー,https://al.dmm.co.jp/?lurl=https%3A%2F%2Fwww.dmm.co.jp%2Fmonthly%2Fpremium%2F-%2Flist%2F%3D%2Farticle%3Dkeyword%2Fid%3D8511%2F&af_id=souhub-990&ch=api
180,2006,スレンダー,すれんだー,https://al.dmm.co.jp/?lurl=https%3A%2F%2Fwww.dmm.co.jp%2Fmonthly%2Fpremium%2F-%2Flist%2F%3D%2Farticle%3Dkeyword%2Fid%3D2006%2F&af_id=souhub-990&ch=api
181,6970,スワッピング・夫婦交換,すわっぴんぐふうふこうかん,https://al.dmm.co.jp/?lurl=https%3A%2F%2Fwww.dmm.co.jp%2Fmonthly%2Fpremium%2F-%2Flist%2F%3D%2Farticle%3Dkeyword%2Fid%3D6970%2F&af_id=souhub-990&ch=api
182,8502,清楚,せいそ,https://al.dmm.co.jp/?lurl=https%3A%2F%2Fwww.dmm.co.jp%2Fmonthly%2Fpremium%2F-%2Flist%2F%3D%2Farticle%3Dkeyword%2Fid%3D8502%2F&af_id=souhub-990&ch=api
183,95,性転換・女体化,せいてんかんにょたいか,https://al.dmm.co.jp/?lurl=https%3A%2F%2Fwww.dmm.co.jp%2Fmonthly%2Fpremium%2F-%2Flist%2F%3D%2Farticle%3Dkeyword%2Fid%3D95%2F&af_id=souhub-990&ch=api
184,48,制服,せいふく,https://al.dmm.co.jp/?lurl=https%3A%2F%2Fwww.dmm.co.jp%2Fmonthly%2Fpremium%2F-%2Flist%2F%3D%2Farticle%3Dkeyword%2Fid%3D48%2F&af_id=souhub-990&ch=api
185,4098,セクシー,せくしー,https://al.dmm.co.jp/?lurl=https%3A%2F%2Fwww.dmm.co.jp%2Fmonthly%2Fpremium%2F-%2Flist%2F%3D%2Farticle%3Dkeyword%2Fid%3D4098%2F&af_id=souhub-990&ch=api
186,7267,セット商品,せっとしょうひん,https://al.dmm.co.jp/?lurl=https%3A%2F%2Fwww.dmm.co.jp%2Fmonthly%2Fpremium%2F-%2Flist%2F%3D%2Farticle%3Dkeyword%2Fid%3D7267%2F&af_id=souhub-990&ch=api
187,6955,セレブ,せれぶ,https://al.dmm.co.jp/?lurl=https%3A%2F%2Fwww.dmm.co.jp%2Fmonthly%2Fpremium%2F-%2Flist%2F%3D%2Farticle%3Dkeyword%2Fid%3D6955%2F&af_id=souhub-990&ch=api
188,3003,セーラー服,せーらーふく,https://al.dmm.co.jp/?lurl=https%3A%2F%2Fwww.dmm.co.jp%2Fmonthly%2Fpremium%2F-%2Flist%2F%3D%2Farticle%3Dkeyword%2Fid%3D3003%2F&af_id=souhub-990&ch=api
189,5072,早漏,そうろう,https://al.dmm.co.jp/?lurl=https%3A%2F%2Fwww.dmm.co.jp%2Fmonthly%2Fpremium%2F-%2Flist%2F%3D%2Farticle%3Dkeyword%2Fid%3D5072%2F&af_id=souhub-990&ch=api
190,3029,即ハメ,そくはめ,https://al.dmm.co.jp/?lurl=https%3A%2F%2Fwww.dmm.co.jp%2Fmonthly%2Fpremium%2F-%2Flist%2F%3D%2Farticle%3Dkeyword%2Fid%3D3029%2F&af_id=souhub-990&ch=api
191,1030,そっくりさん,そっくりさん,https://al.dmm.co.jp/?lurl=https%3A%2F%2Fwww.dmm.co.jp%2Fmonthly%2Fpremium%2F-%2Flist%2F%3D%2Farticle%3Dkeyword%2Fid%3D1030%2F&af_id=souhub-990&ch=api
192,6007,その他,そのた,https://al.dmm.co.jp/?lurl=https%3A%2F%2Fwww.dmm.co.jp%2Fmonthly%2Fpremium%2F-%2Flist%2F%3D%2Farticle%3Dkeyword%2Fid%3D6007%2F&af_id=souhub-990&ch=api
193,4010,その他フェチ,そのたふぇち,https://al.dmm.co.jp/?lurl=https%3A%2F%2Fwww.dmm.co.jp%2Fmonthly%2Fpremium%2F-%2Flist%2F%3D%2Farticle%3Dkeyword%2Fid%3D4010%2F&af_id=souhub-990&ch=api
194,6086,体験告白,たいけんこくはく,https://al.dmm.co.jp/?lurl=https%3A%2F%2Fwww.dmm.co.jp%2Fmonthly%2Fpremium%2F-%2Flist%2F%3D%2Farticle%3Dkeyword%2Fid%3D6086%2F&af_id=souhub-990&ch=api
195,3001,体操着・ブルマ,たいそうぎぶるま,https://al.dmm.co.jp/?lurl=https%3A%2F%2Fwww.dmm.co.jp%2Fmonthly%2Fpremium%2F-%2Flist%2F%3D%2Farticle%3Dkeyword%2Fid%3D3001%2F&af_id=souhub-990&ch=api
196,4025,単体作品,たんたいさくひん,https://al.dmm.co.jp/?lurl=https%3A%2F%2Fwww.dmm.co.jp%2Fmonthly%2Fpremium%2F-%2Flist%2F%3D%2Farticle%3Dkeyword%2Fid%3D4025%2F&af_id=souhub-990&ch=api
197,5013,脱糞,だっぷん,https://al.dmm.co.jp/?lurl=https%3A%2F%2Fwww.dmm.co.jp%2Fmonthly%2Fpremium%2F-%2Flist%2F%3D%2Farticle%3Dkeyword%2Fid%3D5013%2F&af_id=souhub-990&ch=api
198,4105,ダンス,だんす,https://al.dmm.co.jp/?lurl=https%3A%2F%2Fwww.dmm.co.jp%2Fmonthly%2Fpremium%2F-%2Flist%2F%3D%2Farticle%3Dkeyword%2Fid%3D4105%2F&af_id=souhub-990&ch=api
199,568,ダーク系,だーくけい,https://al.dmm.co.jp/?lurl=https%3A%2F%2Fwww.dmm.co.jp%2Fmonthly%2Fpremium%2F-%2Flist%2F%3D%2Farticle%3Dkeyword%2Fid%3D568%2F&af_id=souhub-990&ch=api
200,6959,チアガール,ちあがーる,https://al.dmm.co.jp/?lurl=https%3A%2F%2Fwww.dmm.co.jp%2Fmonthly%2Fpremium%2F-%2Flist%2F%3D%2Farticle%3Dkeyword%2Fid%3D6959%2F&af_id=souhub-990&ch=api
201,1031,痴女,ちじょ,https://al.dmm.co.jp/?lurl=https%3A%2F%2Fwww.dmm.co.jp%2Fmonthly%2Fpremium%2F-%2Flist%2F%3D%2Farticle%3Dkeyword%2Fid%3D1031%2F&af_id=souhub-990&ch=api
202,3005,チャイナドレス,ちゃいなどれす,https://al.dmm.co.jp/?lurl=https%3A%2F%2Fwww.dmm.co.jp%2Fmonthly%2Fpremium%2F-%2Flist%2F%3D%2Farticle%3Dkeyword%2Fid%3D3005%2F&af_id=souhub-990&ch=api
203,4116,着エロ,ちゃくえろ,https://al.dmm.co.jp/?lurl=https%3A%2F%2Fwww.dmm.co.jp%2Fmonthly%2Fpremium%2F-%2Flist%2F%3D%2Farticle%3Dkeyword%2Fid%3D4116%2F&af_id=souhub-990&ch=api
204,8518,茶髪,ちゃぱつ,https://al.dmm.co.jp/?lurl=https%3A%2F%2Fwww.dmm.co.jp%2Fmonthly%2Fpremium%2F-%2Flist%2F%3D%2Farticle%3Dkeyword%2Fid%3D8518%2F&af_id=souhub-990&ch=api
205,2002,長身,ちょうしん,https://al.dmm.co.jp/?lurl=https%3A%2F%2Fwww.dmm.co.jp%2Fmonthly%2Fpremium%2F-%2Flist%2F%3D%2Farticle%3Dkeyword%2Fid%3D2002%2F&af_id=souhub-990&ch=api
206,8507,長身,ちょうしん,https://al.dmm.co.jp/?lurl=https%3A%2F%2Fwww.dmm.co.jp%2Fmonthly%2Fpremium%2F-%2Flist%2F%3D%2Farticle%3Dkeyword%2Fid%3D8507%2F&af_id=souhub-990&ch=api
207,6149,超乳,ちょうにゅう,https://al.dmm.co.jp/?lurl=https%3A%2F%2Fwww.dmm.co.jp%2Fmonthly%2Fpremium%2F-%2Flist%2F%3D%2Farticle%3Dkeyword%2Fid%3D6149%2F&af_id=souhub-990&ch=api
208,2019,ツンデレ,つんでれ,https://al.dmm.co.jp/?lurl=https%3A%2F%2Fwww.dmm.co.jp%2Fmonthly%2Fpremium%2F-%2Flist%2F%3D%2Farticle%3Dkeyword%2Fid%3D2019%2F&af_id=souhub-990&ch=api
209,5004,手コキ,てこき,https://al.dmm.co.jp/?lurl=https%3A%2F%2Fwww.dmm.co.jp%2Fmonthly%2Fpremium%2F-%2Flist%2F%3D%2Farticle%3Dkeyword%2Fid%3D5004%2F&af_id=souhub-990&ch=api
210,6941,ディルド,でぃるど,https://al.dmm.co.jp/?lurl=https%3A%2F%2Fwww.dmm.co.jp%2Fmonthly%2Fpremium%2F-%2Flist%2F%3D%2Farticle%3Dkeyword%2Fid%3D6941%2F&af_id=souhub-990&ch=api
211,10138,ディルド,でぃるど,https://al.dmm.co.jp/?lurl=https%3A%2F%2Fwww.dmm.co.jp%2Fmonthly%2Fpremium%2F-%2Flist%2F%3D%2Farticle%3Dkeyword%2Fid%3D10138%2F&af_id=souhub-990&ch=api
212,5073,デカチン・巨根,でかちんきょこん,https://al.dmm.co.jp/?lurl=https%3A%2F%2Fwww.dmm.co.jp%2Fmonthly%2Fpremium%2F-%2Flist%2F%3D%2Farticle%3Dkeyword%2Fid%3D5073%2F&af_id=souhub-990&ch=api
213,6004,デジモ,でじも,https://al.dmm.co.jp/?lurl=https%3A%2F%2Fwww.dmm.co.jp%2Fmonthly%2Fpremium%2F-%2Flist%2F%3D%2Farticle%3Dkeyword%2Fid%3D6004%2F&af_id=souhub-990&ch=api
214,6006,デビュー作品,でびゅーさくひん,https://al.dmm.co.jp/?lurl=https%3A%2F%2Fwww.dmm.co.jp%2Fmonthly%2Fpremium%2F-%2Flist%2F%3D%2Farticle%3Dkeyword%2Fid%3D6006%2F&af_id=souhub-990&ch=api
215,5066,電マ,でんま,https://al.dmm.co.jp/?lurl=https%3A%2F%2Fwww.dmm.co.jp%2Fmonthly%2Fpremium%2F-%2Flist%2F%3D%2Farticle%3Dkeyword%2Fid%3D5066%2F&af_id=souhub-990&ch=api
216,6956,デート,でーと,https://al.dmm.co.jp/?lurl=https%3A%2F%2Fwww.dmm.co.jp%2Fmonthly%2Fpremium%2F-%2Flist%2F%3D%2Farticle%3Dkeyword%2Fid%3D6956%2F&af_id=souhub-990&ch=api
217,6005,投稿,とうこう,https://al.dmm.co.jp/?lurl=https%3A%2F%2Fwww.dmm.co.jp%2Fmonthly%2Fpremium%2F-%2Flist%2F%3D%2Farticle%3Dkeyword%2Fid%3D6005%2F&af_id=souhub-990&ch=api
218,4021,盗撮・のぞき,とうさつのぞき,https://al.dmm.co.jp/?lurl=https%3A%2F%2Fwww.dmm.co.jp%2Fmonthly%2Fpremium%2F-%2Flist%2F%3D%2Farticle%3Dkeyword%2Fid%3D4021%2F&af_id=souhub-990&ch=api
219,4034,特撮,とくさつ,https://al.dmm.co.jp/?lurl=https%3A%2F%2Fwww.dmm.co.jp%2Fmonthly%2Fpremium%2F-%2Flist%2F%3D%2Farticle%3Dkeyword%2Fid%3D4034%2F&af_id=souhub-990&ch=api
220,4014,童貞,どうてい,https://al.dmm.co.jp/?lurl=https%3A%2F%2Fwww.dmm.co.jp%2Fmonthly%2Fpremium%2F-%2Flist%2F%3D%2Farticle%3Dkeyword%2Fid%3D4014%2F&af_id=souhub-990&ch=api
221,4023,ドキュメンタリー,どきゅめんたりー,https://al.dmm.co.jp/?lurl=https%3A%2F%2Fwww.dmm.co.jp%2Fmonthly%2Fpremium%2F-%2Flist%2F%3D%2Farticle%3Dkeyword%2Fid%3D4023%2F&af_id=souhub-990&ch=api
222,5015,ドラッグ,どらっぐ,https://al.dmm.co.jp/?lurl=https%3A%2F%2Fwww.dmm.co.jp%2Fmonthly%2Fpremium%2F-%2Flist%2F%3D%2Farticle%3Dkeyword%2Fid%3D5015%2F&af_id=souhub-990&ch=api
223,4114,ドラマ,どらま,https://al.dmm.co.jp/?lurl=https%3A%2F%2Fwww.dmm.co.jp%2Fmonthly%2Fpremium%2F-%2Flist%2F%3D%2Farticle%3Dkeyword%2Fid%3D4114%2F&af_id=souhub-990&ch=api
224,42,ドール,どーる,https://al.dmm.co.jp/?lurl=https%3A%2F%2Fwww.dmm.co.jp%2Fmonthly%2Fpremium%2F-%2Flist%2F%3D%2Farticle%3Dkeyword%2Fid%3D42%2F&af_id=souhub-990&ch=api
225,5001,中出し,なかだし,https://al.dmm.co.jp/?lurl=https%3A%2F%2Fwww.dmm.co.jp%2Fmonthly%2Fpremium%2F-%2Flist%2F%3D%2Farticle%3Dkeyword%2Fid%3D5001%2F&af_id=souhub-990&ch=api
226,6935,軟体,なんたい,https://al.dmm.co.jp/?lurl=https%3A%2F%2Fwww.dmm.co.jp%2Fmonthly%2Fpremium%2F-%2Flist%2F%3D%2Farticle%3Dkeyword%2Fid%3D6935%2F&af_id=souhub-990&ch=api
227,4006,ナンパ,なんぱ,https://al.dmm.co.jp/?lurl=https%3A%2F%2Fwww.dmm.co.jp%2Fmonthly%2Fpremium%2F-%2Flist%2F%3D%2Farticle%3Dkeyword%2Fid%3D4006%2F&af_id=souhub-990&ch=api
228,4015,ニューハーフ,にゅーはーふ,https://al.dmm.co.jp/?lurl=https%3A%2F%2Fwww.dmm.co.jp%2Fmonthly%2Fpremium%2F-%2Flist%2F%3D%2Farticle%3Dkeyword%2Fid%3D4015%2F&af_id=souhub-990&ch=api
229,1029,妊婦,にんぷ,https://al.dmm.co.jp/?lurl=https%3A%2F%2Fwww.dmm.co.jp%2Fmonthly%2Fpremium%2F-%2Flist%2F%3D%2Farticle%3Dkeyword%2Fid%3D1029%2F&af_id=souhub-990&ch=api
230,94,ニーソックス,にーそっくす,https://al.dmm.co.jp/?lurl=https%3A%2F%2Fwww.dmm.co.jp%2Fmonthly%2Fpremium%2F-%2Flist%2F%3D%2Farticle%3Dkeyword%2Fid%3D94%2F&af_id=souhub-990&ch=api
231,64,ネコミミ・獣系,ねこみみけものけい,https://al.dmm.co.jp/?lurl=https%3A%2F%2Fwww.dmm.co.jp%2Fmonthly%2Fpremium%2F-%2Flist%2F%3D%2Farticle%3Dkeyword%2Fid%3D64%2F&af_id=souhub-990&ch=api
232,4111,寝取り・寝取られ・NTR,ねとりねとられ,https://al.dmm.co.jp/?lurl=https%3A%2F%2Fwww.dmm.co.jp%2Fmonthly%2Fpremium%2F-%2Flist%2F%3D%2Farticle%3Dkeyword%2Fid%3D4111%2F&af_id=souhub-990&ch=api
233,6957,飲み会・合コン,のみかいごうこん,https://al.dmm.co.jp/?lurl=https%3A%2F%2Fwww.dmm.co.jp%2Fmonthly%2Fpremium%2F-%2Flist%2F%3D%2Farticle%3Dkeyword%2Fid%3D6957%2F&af_id=souhub-990&ch=api
234,6964,ノーパン,のーぱん,https://al.dmm.co.jp/?lurl=https%3A%2F%2Fwww.dmm.co.jp%2Fmonthly%2Fpremium%2F-%2Flist%2F%3D%2Farticle%3Dkeyword%2Fid%3D6964%2F&af_id=souhub-990&ch=api
235,6972,ノーブラ,のーぶら,https://al.dmm.co.jp/?lurl=https%3A%2F%2Fwww.dmm.co.jp%2Fmonthly%2Fpremium%2F-%2Flist%2F%3D%2Farticle%3Dkeyword%2Fid%3D6972%2F&af_id=souhub-990&ch=api
236,6925,ハイクオリティVR,はいくおりてぃぶいあーる,https://al.dmm.co.jp/?lurl=https%3A%2F%2Fwww.dmm.co.jp%2Fmonthly%2Fpremium%2F-%2Flist%2F%3D%2Farticle%3Dkeyword%2Fid%3D6925%2F&af_id=souhub-990&ch=api
237,6533,ハイビジョン,はいびじょん,https://al.dmm.co.jp/?lurl=https%3A%2F%2Fwww.dmm.co.jp%2Fmonthly%2Fpremium%2F-%2Flist%2F%3D%2Farticle%3Dkeyword%2Fid%3D6533%2F&af_id=souhub-990&ch=api
238,6070,How To,はうとぅー,https://al.dmm.co.jp/?lurl=https%3A%2F%2Fwww.dmm.co.jp%2Fmonthly%2Fpremium%2F-%2Flist%2F%3D%2Farticle%3Dkeyword%2Fid%3D6070%2F&af_id=souhub-990&ch=api
239,2012,白人女優,はくじんじょゆう,https://al.dmm.co.jp/?lurl=https%3A%2F%2Fwww.dmm.co.jp%2Fmonthly%2Fpremium%2F-%2Flist%2F%3D%2Farticle%3Dkeyword%2Fid%3D2012%2F&af_id=souhub-990&ch=api
240,27,辱め,はずかしめ,https://al.dmm.co.jp/?lurl=https%3A%2F%2Fwww.dmm.co.jp%2Fmonthly%2Fpremium%2F-%2Flist%2F%3D%2Farticle%3Dkeyword%2Fid%3D27%2F&af_id=souhub-990&ch=api
241,93,裸エプロン,はだかえぷろん,https://al.dmm.co.jp/?lurl=https%3A%2F%2Fwww.dmm.co.jp%2Fmonthly%2Fpremium%2F-%2Flist%2F%3D%2Farticle%3Dkeyword%2Fid%3D93%2F&af_id=souhub-990&ch=api
242,6950,鼻フック,はなふっく,https://al.dmm.co.jp/?lurl=https%3A%2F%2Fwww.dmm.co.jp%2Fmonthly%2Fpremium%2F-%2Flist%2F%3D%2Farticle%3Dkeyword%2Fid%3D6950%2F&af_id=souhub-990&ch=api
243,6974,花嫁,はなよめ,https://al.dmm.co.jp/?lurl=https%3A%2F%2Fwww.dmm.co.jp%2Fmonthly%2Fpremium%2F-%2Flist%2F%3D%2Farticle%3Dkeyword%2Fid%3D6974%2F&af_id=souhub-990&ch=api
244,6002,ハメ撮り,はめどり,https://al.dmm.co.jp/?lurl=https%3A%2F%2Fwww.dmm.co.jp%2Fmonthly%2Fpremium%2F-%2Flist%2F%3D%2Farticle%3Dkeyword%2Fid%3D6002%2F&af_id=souhub-990&ch=api
245,96,孕ませ,はらませ,https://al.dmm.co.jp/?lurl=https%3A%2F%2Fwww.dmm.co.jp%2Fmonthly%2Fpremium%2F-%2Flist%2F%3D%2Farticle%3Dkeyword%2Fid%3D96%2F&af_id=souhub-990&ch=api
246,5071,ハーレム,はーれむ,https://al.dmm.co.jp/?lurl=https%3A%2F%2Fwww.dmm.co.jp%2Fmonthly%2Fpremium%2F-%2Flist%2F%3D%2Farticle%3Dkeyword%2Fid%3D5071%2F&af_id=souhub-990&ch=api
247,5006,バイブ,ばいぶ,https://al.dmm.co.jp/?lurl=https%3A%2F%2Fwww.dmm.co.jp%2Fmonthly%2Fpremium%2F-%2Flist%2F%3D%2Farticle%3Dkeyword%2Fid%3D5006%2F&af_id=souhub-990&ch=api
248,1012,バスガイド,ばすがいど,https://al.dmm.co.jp/?lurl=https%3A%2F%2Fwww.dmm.co.jp%2Fmonthly%2Fpremium%2F-%2Flist%2F%3D%2Farticle%3Dkeyword%2Fid%3D1012%2F&af_id=souhub-990&ch=api
249,6958,バック,ばっく,https://al.dmm.co.jp/?lurl=https%3A%2F%2Fwww.dmm.co.jp%2Fmonthly%2Fpremium%2F-%2Flist%2F%3D%2Farticle%3Dkeyword%2Fid%3D6958%2F&af_id=souhub-990&ch=api
250,6949,罵倒,ばとう,https://al.dmm.co.jp/?lurl=https%3A%2F%2Fwww.dmm.co.jp%2Fmonthly%2Fpremium%2F-%2Flist%2F%3D%2Farticle%3Dkeyword%2Fid%3D6949%2F&af_id=souhub-990&ch=api
251,3033,バニーガール,ばにーがーる,https://al.dmm.co.jp/?lurl=https%3A%2F%2Fwww.dmm.co.jp%2Fmonthly%2Fpremium%2F-%2Flist%2F%3D%2Farticle%3Dkeyword%2Fid%3D3033%2F&af_id=souhub-990&ch=api
252,5019,パイズリ,ぱいずり,https://al.dmm.co.jp/?lurl=https%3A%2F%2Fwww.dmm.co.jp%2Fmonthly%2Fpremium%2F-%2Flist%2F%3D%2Farticle%3Dkeyword%2Fid%3D5019%2F&af_id=souhub-990&ch=api
253,8512,パイパン,ぱいぱん,https://al.dmm.co.jp/?lurl=https%3A%2F%2Fwww.dmm.co.jp%2Fmonthly%2Fpremium%2F-%2Flist%2F%3D%2Farticle%3Dkeyword%2Fid%3D8512%2F&af_id=souhub-990&ch=api
254,4019,パイパン,ぱいぱん,https://al.dmm.co.jp/?lurl=https%3A%2F%2Fwww.dmm.co.jp%2Fmonthly%2Fpremium%2F-%2Flist%2F%3D%2Farticle%3Dkeyword%2Fid%3D4019%2F&af_id=souhub-990&ch=api
255,3006,パンスト・タイツ,ぱんすとたいつ,https://al.dmm.co.jp/?lurl=https%3A%2F%2Fwww.dmm.co.jp%2Fmonthly%2Fpremium%2F-%2Flist%2F%3D%2Farticle%3Dkeyword%2Fid%3D3006%2F&af_id=souhub-990&ch=api
256,4016,パンチラ,ぱんちら,https://al.dmm.co.jp/?lurl=https%3A%2F%2Fwww.dmm.co.jp%2Fmonthly%2Fpremium%2F-%2Flist%2F%3D%2Farticle%3Dkeyword%2Fid%3D4016%2F&af_id=souhub-990&ch=api
257,1023,秘書,ひしょ,https://al.dmm.co.jp/?lurl=https%3A%2F%2Fwww.dmm.co.jp%2Fmonthly%2Fpremium%2F-%2Flist%2F%3D%2Farticle%3Dkeyword%2Fid%3D1023%2F&af_id=souhub-990&ch=api
258,1039,人妻・主婦,ひとづましゅふ,https://al.dmm.co.jp/?lurl=https%3A%2F%2Fwww.dmm.co.jp%2Fmonthly%2Fpremium%2F-%2Flist%2F%3D%2Farticle%3Dkeyword%2Fid%3D1039%2F&af_id=souhub-990&ch=api
259,2023,日焼け,ひやけ,https://al.dmm.co.jp/?lurl=https%3A%2F%2Fwww.dmm.co.jp%2Fmonthly%2Fpremium%2F-%2Flist%2F%3D%2Farticle%3Dkeyword%2Fid%3D2023%2F&af_id=souhub-990&ch=api
260,8523,貧乳・微乳,ひんにゅうびにゅう,https://al.dmm.co.jp/?lurl=https%3A%2F%2Fwww.dmm.co.jp%2Fmonthly%2Fpremium%2F-%2Flist%2F%3D%2Farticle%3Dkeyword%2Fid%3D8523%2F&af_id=souhub-990&ch=api
261,2005,貧乳・微乳,ひんにゅうびにゅう,https://al.dmm.co.jp/?lurl=https%3A%2F%2Fwww.dmm.co.jp%2Fmonthly%2Fpremium%2F-%2Flist%2F%3D%2Farticle%3Dkeyword%2Fid%3D2005%2F&af_id=souhub-990&ch=api
262,8504,美脚,びきゃく,https://al.dmm.co.jp/?lurl=https%3A%2F%2Fwww.dmm.co.jp%2Fmonthly%2Fpremium%2F-%2Flist%2F%3D%2Farticle%3Dkeyword%2Fid%3D8504%2F&af_id=souhub-990&ch=api
263,1027,美少女,びしょうじょ,https://al.dmm.co.jp/?lurl=https%3A%2F%2Fwww.dmm.co.jp%2Fmonthly%2Fpremium%2F-%2Flist%2F%3D%2Farticle%3Dkeyword%2Fid%3D1027%2F&af_id=souhub-990&ch=api
264,6939,ビジネススーツ,びじねすすーつ,https://al.dmm.co.jp/?lurl=https%3A%2F%2Fwww.dmm.co.jp%2Fmonthly%2Fpremium%2F-%2Flist%2F%3D%2Farticle%3Dkeyword%2Fid%3D6939%2F&af_id=souhub-990&ch=api
265,6164,ビッチ,びっち,https://al.dmm.co.jp/?lurl=https%3A%2F%2Fwww.dmm.co.jp%2Fmonthly%2Fpremium%2F-%2Flist%2F%3D%2Farticle%3Dkeyword%2Fid%3D6164%2F&af_id=souhub-990&ch=api
266,8509,美乳,びにゅう,https://al.dmm.co.jp/?lurl=https%3A%2F%2Fwww.dmm.co.jp%2Fmonthly%2Fpremium%2F-%2Flist%2F%3D%2Farticle%3Dkeyword%2Fid%3D8509%2F&af_id=souhub-990&ch=api
267,102,美乳,びにゅう,https://al.dmm.co.jp/?lurl=https%3A%2F%2Fwww.dmm.co.jp%2Fmonthly%2Fpremium%2F-%2Flist%2F%3D%2Farticle%3Dkeyword%2Fid%3D102%2F&af_id=souhub-990&ch=api
268,6963,病院・クリニック,びょういんくりにっく,https://al.dmm.co.jp/?lurl=https%3A%2F%2Fwww.dmm.co.jp%2Fmonthly%2Fpremium%2F-%2Flist%2F%3D%2Farticle%3Dkeyword%2Fid%3D6963%2F&af_id=souhub-990&ch=api
269,4139,ファン感謝・訪問,ふぁんかんしゃほうもん,https://al.dmm.co.jp/?lurl=https%3A%2F%2Fwww.dmm.co.jp%2Fmonthly%2Fpremium%2F-%2Flist%2F%3D%2Farticle%3Dkeyword%2Fid%3D4139%2F&af_id=souhub-990&ch=api
270,6566,FANZA配信限定,ふぁんざはいしんげんてい,https://al.dmm.co.jp/?lurl=https%3A%2F%2Fwww.dmm.co.jp%2Fmonthly%2Fpremium%2F-%2Flist%2F%3D%2Farticle%3Dkeyword%2Fid%3D6566%2F&af_id=souhub-990&ch=api
271,17,ファンタジー,ふぁんたじー,https://al.dmm.co.jp/?lurl=https%3A%2F%2Fwww.dmm.co.jp%2Fmonthly%2Fpremium%2F-%2Flist%2F%3D%2Farticle%3Dkeyword%2Fid%3D17%2F&af_id=souhub-990&ch=api
272,88,フィスト,ふぃすと,https://al.dmm.co.jp/?lurl=https%3A%2F%2Fwww.dmm.co.jp%2Fmonthly%2Fpremium%2F-%2Flist%2F%3D%2Farticle%3Dkeyword%2Fid%3D88%2F&af_id=souhub-990&ch=api
273,5002,フェラ,ふぇら,https://al.dmm.co.jp/?lurl=https%3A%2F%2Fwww.dmm.co.jp%2Fmonthly%2Fpremium%2F-%2Flist%2F%3D%2Farticle%3Dkeyword%2Fid%3D5002%2F&af_id=souhub-990&ch=api
274,81,複数話,ふくすうわ,https://al.dmm.co.jp/?lurl=https%3A%2F%2Fwww.dmm.co.jp%2Fmonthly%2Fpremium%2F-%2Flist%2F%3D%2Farticle%3Dkeyword%2Fid%3D81%2F&af_id=souhub-990&ch=api
275,6951,覆面・マスク,ふくめんますく,https://al.dmm.co.jp/?lurl=https%3A%2F%2Fwww.dmm.co.jp%2Fmonthly%2Fpremium%2F-%2Flist%2F%3D%2Farticle%3Dkeyword%2Fid%3D6951%2F&af_id=souhub-990&ch=api
276,59,ふたなり,ふたなり,https://al.dmm.co.jp/?lurl=https%3A%2F%2Fwww.dmm.co.jp%2Fmonthly%2Fpremium%2F-%2Flist%2F%3D%2Farticle%3Dkeyword%2Fid%3D59%2F&af_id=souhub-990&ch=api
277,6555,復刻,ふっこく,https://al.dmm.co.jp/?lurl=https%3A%2F%2Fwww.dmm.co.jp%2Fmonthly%2Fpremium%2F-%2Flist%2F%3D%2Farticle%3Dkeyword%2Fid%3D6555%2F&af_id=souhub-990&ch=api
278,1069,不倫,ふりん,https://al.dmm.co.jp/?lurl=https%3A%2F%2Fwww.dmm.co.jp%2Fmonthly%2Fpremium%2F-%2Flist%2F%3D%2Farticle%3Dkeyword%2Fid%3D1069%2F&af_id=souhub-990&ch=api
279,6793,VR専用,ぶいあーるせんよう,https://al.dmm.co.jp/?lurl=https%3A%2F%2Fwww.dmm.co.jp%2Fmonthly%2Fpremium%2F-%2Flist%2F%3D%2Farticle%3Dkeyword%2Fid%3D6793%2F&af_id=souhub-990&ch=api
280,6961,部活・マネージャー,ぶかつまねーじゃー,https://al.dmm.co.jp/?lurl=https%3A%2F%2Fwww.dmm.co.jp%2Fmonthly%2Fpremium%2F-%2Flist%2F%3D%2Farticle%3Dkeyword%2Fid%3D6961%2F&af_id=souhub-990&ch=api
281,6946,部下・同僚,ぶかどうりょう,https://al.dmm.co.jp/?lurl=https%3A%2F%2Fwww.dmm.co.jp%2Fmonthly%2Fpremium%2F-%2Flist%2F%3D%2Farticle%3Dkeyword%2Fid%3D6946%2F&af_id=souhub-990&ch=api
282,5003,ぶっかけ,ぶっかけ,https://al.dmm.co.jp/?lurl=https%3A%2F%2Fwww.dmm.co.jp%2Fmonthly%2Fpremium%2F-%2Flist%2F%3D%2Farticle%3Dkeyword%2Fid%3D5003%2F&af_id=souhub-990&ch=api
283,6937,ヘルス・ソープ,へるすそーぷ,https://al.dmm.co.jp/?lurl=https%3A%2F%2Fwww.dmm.co.jp%2Fmonthly%2Fpremium%2F-%2Flist%2F%3D%2Farticle%3Dkeyword%2Fid%3D6937%2F&af_id=souhub-990&ch=api
284,6003,ベスト・総集編,べすとそうしゅうへん,https://al.dmm.co.jp/?lurl=https%3A%2F%2Fwww.dmm.co.jp%2Fmonthly%2Fpremium%2F-%2Flist%2F%3D%2Farticle%3Dkeyword%2Fid%3D6003%2F&af_id=souhub-990&ch=api
285,6952,放置,ほうち,https://al.dmm.co.jp/?lurl=https%3A%2F%2Fwww.dmm.co.jp%2Fmonthly%2Fpremium%2F-%2Flist%2F%3D%2Farticle%3Dkeyword%2Fid%3D6952%2F&af_id=souhub-990&ch=api
286,5011,放尿・お漏らし,ほうにょうおもらし,https://al.dmm.co.jp/?lurl=https%3A%2F%2Fwww.dmm.co.jp%2Fmonthly%2Fpremium%2F-%2Flist%2F%3D%2Farticle%3Dkeyword%2Fid%3D5011%2F&af_id=souhub-990&ch=api
287,6962,ホテル,ほてる,https://al.dmm.co.jp/?lurl=https%3A%2F%2Fwww.dmm.co.jp%2Fmonthly%2Fpremium%2F-%2Flist%2F%3D%2Farticle%3Dkeyword%2Fid%3D6962%2F&af_id=souhub-990&ch=api
288,18,ホラー,ほらー,https://al.dmm.co.jp/?lurl=https%3A%2F%2Fwww.dmm.co.jp%2Fmonthly%2Fpremium%2F-%2Flist%2F%3D%2Farticle%3Dkeyword%2Fid%3D18%2F&af_id=souhub-990&ch=api
289,3013,ボディコン,ぼでぃこん,https://al.dmm.co.jp/?lurl=https%3A%2F%2Fwww.dmm.co.jp%2Fmonthly%2Fpremium%2F-%2Flist%2F%3D%2Farticle%3Dkeyword%2Fid%3D3013%2F&af_id=souhub-990&ch=api
290,8506,ボディピアス,ぼでぃぴあす,https://al.dmm.co.jp/?lurl=https%3A%2F%2Fwww.dmm.co.jp%2Fmonthly%2Fpremium%2F-%2Flist%2F%3D%2Farticle%3Dkeyword%2Fid%3D8506%2F&af_id=souhub-990&ch=api
291,5060,母乳,ぼにゅう,https://al.dmm.co.jp/?lurl=https%3A%2F%2Fwww.dmm.co.jp%2Fmonthly%2Fpremium%2F-%2Flist%2F%3D%2Farticle%3Dkeyword%2Fid%3D5060%2F&af_id=souhub-990&ch=api
292,3015,ボンテージ,ぼんてーじ,https://al.dmm.co.jp/?lurl=https%3A%2F%2Fwww.dmm.co.jp%2Fmonthly%2Fpremium%2F-%2Flist%2F%3D%2Farticle%3Dkeyword%2Fid%3D3015%2F&af_id=souhub-990&ch=api
293,558,ボーイズラブ,ぼーいずらぶ,https://al.dmm.co.jp/?lurl=https%3A%2F%2Fwww.dmm.co.jp%2Fmonthly%2Fpremium%2F-%2Flist%2F%3D%2Farticle%3Dkeyword%2Fid%3D558%2F&af_id=souhub-990&ch=api
294,8510,ぽっちゃり,ぽっちゃり,https://al.dmm.co.jp/?lurl=https%3A%2F%2Fwww.dmm.co.jp%2Fmonthly%2Fpremium%2F-%2Flist%2F%3D%2Farticle%3Dkeyword%2Fid%3D8510%2F&af_id=souhub-990&ch=api
295,2007,ぽっちゃり,ぽっちゃり,https://al.dmm.co.jp/?lurl=https%3A%2F%2Fwww.dmm.co.jp%2Fmonthly%2Fpremium%2F-%2Flist%2F%3D%2Farticle%3Dkeyword%2Fid%3D2007%2F&af_id=souhub-990&ch=api
296,6108,ポルチオ,ぽるちお,https://al.dmm.co.jp/?lurl=https%3A%2F%2Fwww.dmm.co.jp%2Fmonthly%2Fpremium%2F-%2Flist%2F%3D%2Farticle%3Dkeyword%2Fid%3D6108%2F&af_id=souhub-990&ch=api
297,8520,巻き髪,まきがみ,https://al.dmm.co.jp/?lurl=https%3A%2F%2Fwww.dmm.co.jp%2Fmonthly%2Fpremium%2F-%2Flist%2F%3D%2Farticle%3Dkeyword%2Fid%3D8520%2F&af_id=souhub-990&ch=api
298,4124,マッサージ・リフレ,まっさーじりふれ,https://al.dmm.co.jp/?lurl=https%3A%2F%2Fwww.dmm.co.jp%2Fmonthly%2Fpremium%2F-%2Flist%2F%3D%2Farticle%3Dkeyword%2Fid%3D4124%2F&af_id=souhub-990&ch=api
299,1086,魔法少女,まほうしょうじょ,https://al.dmm.co.jp/?lurl=https%3A%2F%2Fwww.dmm.co.jp%2Fmonthly%2Fpremium%2F-%2Flist%2F%3D%2Farticle%3Dkeyword%2Fid%3D1086%2F&af_id=souhub-990&ch=api
300,6960,ママ友,ままとも,https://al.dmm.co.jp/?lurl=https%3A%2F%2Fwww.dmm.co.jp%2Fmonthly%2Fpremium%2F-%2Flist%2F%3D%2Farticle%3Dkeyword%2Fid%3D6960%2F&af_id=souhub-990&ch=api
301,63,巫女,みこ,https://al.dmm.co.jp/?lurl=https%3A%2F%2Fwww.dmm.co.jp%2Fmonthly%2Fpremium%2F-%2Flist%2F%3D%2Farticle%3Dkeyword%2Fid%3D63%2F&af_id=souhub-990&ch=api
302,3008,水着,みずぎ,https://al.dmm.co.jp/?lurl=https%3A%2F%2Fwww.dmm.co.jp%2Fmonthly%2Fpremium%2F-%2Flist%2F%3D%2Farticle%3Dkeyword%2Fid%3D3008%2F&af_id=souhub-990&ch=api
303,8525,ミディアムヘアー,みでぃあむへあー,https://al.dmm.co.jp/?lurl=https%3A%2F%2Fwww.dmm.co.jp%2Fmonthly%2Fpremium%2F-%2Flist%2F%3D%2Farticle%3Dkeyword%2Fid%3D8525%2F&af_id=souhub-990&ch=api
304,2008,ミニ系,みにけい,https://al.dmm.co.jp/?lurl=https%3A%2F%2Fwww.dmm.co.jp%2Fmonthly%2Fpremium%2F-%2Flist%2F%3D%2Farticle%3Dkeyword%2Fid%3D2008%2F&af_id=souhub-990&ch=api
305,8526,ミニ系・小柄,みにけいこがら,https://al.dmm.co.jp/?lurl=https%3A%2F%2Fwww.dmm.co.jp%2Fmonthly%2Fpremium%2F-%2Flist%2F%3D%2Farticle%3Dkeyword%2Fid%3D8526%2F&af_id=souhub-990&ch=api
306,3007,ミニスカ,みにすか,https://al.dmm.co.jp/?lurl=https%3A%2F%2Fwww.dmm.co.jp%2Fmonthly%2Fpremium%2F-%2Flist%2F%3D%2Farticle%3Dkeyword%2Fid%3D3007%2F&af_id=souhub-990&ch=api
307,3012,ミニスカポリス,みにすかぽりす,https://al.dmm.co.jp/?lurl=https%3A%2F%2Fwww.dmm.co.jp%2Fmonthly%2Fpremium%2F-%2Flist%2F%3D%2Farticle%3Dkeyword%2Fid%3D3012%2F&af_id=souhub-990&ch=api
308,1025,未亡人,みぼうじん,https://al.dmm.co.jp/?lurl=https%3A%2F%2Fwww.dmm.co.jp%2Fmonthly%2Fpremium%2F-%2Flist%2F%3D%2Farticle%3Dkeyword%2Fid%3D1025%2F&af_id=souhub-990&ch=api
309,6973,娘・養女,むすめようじょ,https://al.dmm.co.jp/?lurl=https%3A%2F%2Fwww.dmm.co.jp%2Fmonthly%2Fpremium%2F-%2Flist%2F%3D%2Farticle%3Dkeyword%2Fid%3D6973%2F&af_id=souhub-990&ch=api
310,6971,胸チラ,むねちら,https://al.dmm.co.jp/?lurl=https%3A%2F%2Fwww.dmm.co.jp%2Fmonthly%2Fpremium%2F-%2Flist%2F%3D%2Farticle%3Dkeyword%2Fid%3D6971%2F&af_id=souhub-990&ch=api
311,1008,メイド,めいど,https://al.dmm.co.jp/?lurl=https%3A%2F%2Fwww.dmm.co.jp%2Fmonthly%2Fpremium%2F-%2Flist%2F%3D%2Farticle%3Dkeyword%2Fid%3D1008%2F&af_id=souhub-990&ch=api
312,2004,めがね,めがね,https://al.dmm.co.jp/?lurl=https%3A%2F%2Fwww.dmm.co.jp%2Fmonthly%2Fpremium%2F-%2Flist%2F%3D%2Farticle%3Dkeyword%2Fid%3D2004%2F&af_id=souhub-990&ch=api
313,6936,面接,めんせつ,https://al.dmm.co.jp/?lurl=https%3A%2F%2Fwww.dmm.co.jp%2Fmonthly%2Fpremium%2F-%2Flist%2F%3D%2Farticle%3Dkeyword%2Fid%3D6936%2F&af_id=souhub-990&ch=api
314,4028,妄想,もうそう,https://al.dmm.co.jp/?lurl=https%3A%2F%2Fwww.dmm.co.jp%2Fmonthly%2Fpremium%2F-%2Flist%2F%3D%2Farticle%3Dkeyword%2Fid%3D4028%2F&af_id=souhub-990&ch=api
315,6995,妄想族,もうそうぞく,https://al.dmm.co.jp/?lurl=https%3A%2F%2Fwww.dmm.co.jp%2Fmonthly%2Fpremium%2F-%2Flist%2F%3D%2Farticle%3Dkeyword%2Fid%3D6995%2F&af_id=souhub-990&ch=api
316,300339,妄想族2020年下半期ヒットTOP100,もうそうぞく2020ねんしもはんきひっととっぷ100,https://al.dmm.co.jp/?lurl=https%3A%2F%2Fwww.dmm.co.jp%2Fmonthly%2Fpremium%2F-%2Flist%2F%3D%2Farticle%3Dkeyword%2Fid%3D300339%2F&af_id=souhub-990&ch=api
317,1009,モデル,もでる,https://al.dmm.co.jp/?lurl=https%3A%2F%2Fwww.dmm.co.jp%2Fmonthly%2Fpremium%2F-%2Flist%2F%3D%2Farticle%3Dkeyword%2Fid%3D1009%2F&af_id=souhub-990&ch=api
318,4020,野外・露出,やがいろしゅつ,https://al.dmm.co.jp/?lurl=https%3A%2F%2Fwww.dmm.co.jp%2Fmonthly%2Fpremium%2F-%2Flist%2F%3D%2Farticle%3Dkeyword%2Fid%3D4020%2F&af_id=souhub-990&ch=api
319,5053,指マン,ゆびまん,https://al.dmm.co.jp/?lurl=https%3A%2F%2Fwww.dmm.co.jp%2Fmonthly%2Fpremium%2F-%2Flist%2F%3D%2Farticle%3Dkeyword%2Fid%3D5053%2F&af_id=souhub-990&ch=api
320,4022,洋ピン・海外輸入,ようぴんかいがいゆにゅう,https://al.dmm.co.jp/?lurl=https%3A%2F%2Fwww.dmm.co.jp%2Fmonthly%2Fpremium%2F-%2Flist%2F%3D%2Farticle%3Dkeyword%2Fid%3D4022%2F&af_id=souhub-990&ch=api
321,6933,ヨガ,よが,https://al.dmm.co.jp/?lurl=https%3A%2F%2Fwww.dmm.co.jp%2Fmonthly%2Fpremium%2F-%2Flist%2F%3D%2Farticle%3Dkeyword%2Fid%3D6933%2F&af_id=souhub-990&ch=api
322,6012,4時間以上作品,よじかんいじょうさくひん,https://al.dmm.co.jp/?lurl=https%3A%2F%2Fwww.dmm.co.jp%2Fmonthly%2Fpremium%2F-%2Flist%2F%3D%2Farticle%3Dkeyword%2Fid%3D6012%2F&af_id=souhub-990&ch=api
323,569,ラブコメ,らぶこめ,https://al.dmm.co.jp/?lurl=https%3A%2F%2Fwww.dmm.co.jp%2Fmonthly%2Fpremium%2F-%2Flist%2F%3D%2Farticle%3Dkeyword%2Fid%3D569%2F&af_id=souhub-990&ch=api
324,4005,乱交,らんこう,https://al.dmm.co.jp/?lurl=https%3A%2F%2Fwww.dmm.co.jp%2Fmonthly%2Fpremium%2F-%2Flist%2F%3D%2Farticle%3Dkeyword%2Fid%3D4005%2F&af_id=souhub-990&ch=api
325,3014,ランジェリー,らんじぇりー,https://al.dmm.co.jp/?lurl=https%3A%2F%2Fwww.dmm.co.jp%2Fmonthly%2Fpremium%2F-%2Flist%2F%3D%2Farticle%3Dkeyword%2Fid%3D3014%2F&af_id=souhub-990&ch=api
326,6975,旅行,りょこう,https://al.dmm.co.jp/?lurl=https%3A%2F%2Fwww.dmm.co.jp%2Fmonthly%2Fpremium%2F-%2Flist%2F%3D%2Farticle%3Dkeyword%2Fid%3D6975%2F&af_id=souhub-990&ch=api
327,3032,ルーズソックス,るーずそっくす,https://al.dmm.co.jp/?lurl=https%3A%2F%2Fwww.dmm.co.jp%2Fmonthly%2Fpremium%2F-%2Flist%2F%3D%2Farticle%3Dkeyword%2Fid%3D3032%2F&af_id=souhub-990&ch=api
328,3035,レオタード,れおたーど,https://al.dmm.co.jp/?lurl=https%3A%2F%2Fwww.dmm.co.jp%2Fmonthly%2Fpremium%2F-%2Flist%2F%3D%2Farticle%3Dkeyword%2Fid%3D3035%2F&af_id=souhub-990&ch=api
329,4013,レズ,れず,https://al.dmm.co.jp/?lurl=https%3A%2F%2Fwww.dmm.co.jp%2Fmonthly%2Fpremium%2F-%2Flist%2F%3D%2Farticle%3Dkeyword%2Fid%3D4013%2F&af_id=souhub-990&ch=api
330,5062,レズキス,れずきす,https://al.dmm.co.jp/?lurl=https%3A%2F%2Fwww.dmm.co.jp%2Fmonthly%2Fpremium%2F-%2Flist%2F%3D%2Farticle%3Dkeyword%2Fid%3D5062%2F&af_id=souhub-990&ch=api
331,555,恋愛,れんあい,https://al.dmm.co.jp/?lurl=https%3A%2F%2Fwww.dmm.co.jp%2Fmonthly%2Fpremium%2F-%2Flist%2F%3D%2Farticle%3Dkeyword%2Fid%3D555%2F&af_id=souhub-990&ch=api
332,1011,レースクィーン,れーすくぃーん,https://al.dmm.co.jp/?lurl=https%3A%2F%2Fwww.dmm.co.jp%2Fmonthly%2Fpremium%2F-%2Flist%2F%3D%2Farticle%3Dkeyword%2Fid%3D1011%2F&af_id=souhub-990&ch=api
333,6953,蝋燭,ろうそく,https://al.dmm.co.jp/?lurl=https%3A%2F%2Fwww.dmm.co.jp%2Fmonthly%2Fpremium%2F-%2Flist%2F%3D%2Farticle%3Dkeyword%2Fid%3D6953%2F&af_id=souhub-990&ch=api
334,8501,ロリ系,ろりけい,https://al.dmm.co.jp/?lurl=https%3A%2F%2Fwww.dmm.co.jp%2Fmonthly%2Fpremium%2F-%2Flist%2F%3D%2Farticle%3Dkeyword%2Fid%3D8501%2F&af_id=souhub-990&ch=api
335,8515,ロングヘアー,ろんぐへあー,https://al.dmm.co.jp/?lurl=https%3A%2F%2Fwww.dmm.co.jp%2Fmonthly%2Fpremium%2F-%2Flist%2F%3D%2Farticle%3Dkeyword%2Fid%3D8515%2F&af_id=souhub-990&ch=api
336,5057,ローション・オイル,ろーしょんおいる,https://al.dmm.co.jp/?lurl=https%3A%2F%2Fwww.dmm.co.jp%2Fmonthly%2Fpremium%2F-%2Flist%2F%3D%2Farticle%3Dkeyword%2Fid%3D5057%2F&af_id=souhub-990&ch=api
337,5018,ローター,ろーたー,https://al.dmm.co.jp/?lurl=https%3A%2F%2Fwww.dmm.co.jp%2Fmonthly%2Fpremium%2F-%2Flist%2F%3D%2Farticle%3Dkeyword%2Fid%3D5018%2F&af_id=souhub-990&ch=api
338,1020,若妻・幼妻,わかづまおさなづま,https://al.dmm.co.jp/?lurl=https%3A%2F%2Fwww.dmm.co.jp%2Fmonthly%2Fpremium%2F-%2Flist%2F%3D%2Farticle%3Dkeyword%2Fid%3D1020%2F&af_id=souhub-990&ch=api
339,3002,和服・浴衣,わふくゆかた,https://al.dmm.co.jp/?lurl=https%3A%2F%2Fwww.dmm.co.jp%2Fmonthly%2Fpremium%2F-%2Flist%2F%3D%2Farticle%3Dkeyword%2Fid%3D3002%2F&af_id=souhub-990&ch=api
